SET IDENTITY_INSERT [dbo].[Specialization] ON 

INSERT [dbo].[Specialization] ([ID], [Name], [Shorthand]) VALUES (1, N'Informatika', N'inf')
INSERT [dbo].[Specialization] ([ID], [Name], [Shorthand]) VALUES (2, N'Racunarstvo', N'rac')
INSERT [dbo].[Specialization] ([ID], [Name], [Shorthand]) VALUES (3, N'Elektrotehnika', N'elo')
INSERT [dbo].[Specialization] ([ID], [Name], [Shorthand]) VALUES (4, N'Mehatronika', N'meh')
INSERT [dbo].[Specialization] ([ID], [Name], [Shorthand]) VALUES (5, N'Graditeljstvo', N'gra')
INSERT [dbo].[Specialization] ([ID], [Name], [Shorthand]) VALUES (6, N'Strojarstvo', N'stro')
SET IDENTITY_INSERT [dbo].[Specialization] OFF
SET IDENTITY_INSERT [dbo].[Course] ON 

INSERT [dbo].[Course] ([ID], [Name], [ISVU], [ECTS], [Password], [MadeByID], [SpecializationID]) VALUES (1, N'Analogni sklopovi E', N'24078/22300', 6, N'testing', NULL, 3)
INSERT [dbo].[Course] ([ID], [Name], [ISVU], [ECTS], [Password], [MadeByID], [SpecializationID]) VALUES (2, N'Automatizacija postrojenja', N'24586/155818', 6, N'testing', NULL, 3)
INSERT [dbo].[Course] ([ID], [Name], [ISVU], [ECTS], [Password], [MadeByID], [SpecializationID]) VALUES (3, N'Automatsko upravljanje E', N'24069/22268', 6, N'testing', NULL, 3)
INSERT [dbo].[Course] ([ID], [Name], [ISVU], [ECTS], [Password], [MadeByID], [SpecializationID]) VALUES (4, N'Automatsko upravljanje E', N'24297/93349', 6, N'testing', NULL, 3)
INSERT [dbo].[Course] ([ID], [Name], [ISVU], [ECTS], [Password], [MadeByID], [SpecializationID]) VALUES (5, N'Digitalna obradba signala', N'24085/22316', 5, N'testing', NULL, 3)
INSERT [dbo].[Course] ([ID], [Name], [ISVU], [ECTS], [Password], [MadeByID], [SpecializationID]) VALUES (6, N'Digitalni signal procesori', N'24288/85715', 5, N'testing', NULL, 3)
INSERT [dbo].[Course] ([ID], [Name], [ISVU], [ECTS], [Password], [MadeByID], [SpecializationID]) VALUES (7, N'Digitalni sklopovi E', N'24217/63208', 5, N'testing', NULL, 3)
INSERT [dbo].[Course] ([ID], [Name], [ISVU], [ECTS], [Password], [MadeByID], [SpecializationID]) VALUES (8, N'Digitalno upravljanje', N'24783/158578', 5, N'testing', NULL, 3)
INSERT [dbo].[Course] ([ID], [Name], [ISVU], [ECTS], [Password], [MadeByID], [SpecializationID]) VALUES (9, N'Elektricitet i magnetizam', N'25058/184788', 8, N'testing', NULL, 3)
INSERT [dbo].[Course] ([ID], [Name], [ISVU], [ECTS], [Password], [MadeByID], [SpecializationID]) VALUES (10, N'Elektricni strojevi I', N'24180/26091', 5, N'testing', NULL, 3)
INSERT [dbo].[Course] ([ID], [Name], [ISVU], [ECTS], [Password], [MadeByID], [SpecializationID]) VALUES (11, N'Elektricni strojevi II', N'24587/155820', 6, N'testing', NULL, 3)
INSERT [dbo].[Course] ([ID], [Name], [ISVU], [ECTS], [Password], [MadeByID], [SpecializationID]) VALUES (12, N'Elektroenergetika', N'25139/189957', 6, N'testing', NULL, 3)
INSERT [dbo].[Course] ([ID], [Name], [ISVU], [ECTS], [Password], [MadeByID], [SpecializationID]) VALUES (13, N'Elektroenergetska postrojenja', N'25135/189953', 7, N'testing', NULL, 3)
INSERT [dbo].[Course] ([ID], [Name], [ISVU], [ECTS], [Password], [MadeByID], [SpecializationID]) VALUES (14, N'Elektroenergetske mreže E', N'24076/22294', 5, N'testing', NULL, 3)
INSERT [dbo].[Course] ([ID], [Name], [ISVU], [ECTS], [Password], [MadeByID], [SpecializationID]) VALUES (15, N'Elektromotorni pogoni', N'24631/155988', 6, N'testing', NULL, 3)
INSERT [dbo].[Course] ([ID], [Name], [ISVU], [ECTS], [Password], [MadeByID], [SpecializationID]) VALUES (16, N'Elektromotorni pogoni EE', N'25137/189955', 6, N'testing', NULL, 3)
INSERT [dbo].[Course] ([ID], [Name], [ISVU], [ECTS], [Password], [MadeByID], [SpecializationID]) VALUES (17, N'Elektronicka racunala i racunalna oprema', N'24632/155989', 4, N'testing', NULL, 3)
INSERT [dbo].[Course] ([ID], [Name], [ISVU], [ECTS], [Password], [MadeByID], [SpecializationID]) VALUES (18, N'Elektronicke komponente', N'24064/22244', 6, N'testing', NULL, 3)
INSERT [dbo].[Course] ([ID], [Name], [ISVU], [ECTS], [Password], [MadeByID], [SpecializationID]) VALUES (19, N'Elektronicki sklopovi', N'25244/22287', 5, N'testing', NULL, 3)
INSERT [dbo].[Course] ([ID], [Name], [ISVU], [ECTS], [Password], [MadeByID], [SpecializationID]) VALUES (20, N'Elementi automatizacije', N'24066/22264', 5, N'testing', NULL, 3)
INSERT [dbo].[Course] ([ID], [Name], [ISVU], [ECTS], [Password], [MadeByID], [SpecializationID]) VALUES (21, N'Energetska elektronika E', N'24071/22280', 5, N'testing', NULL, 3)
INSERT [dbo].[Course] ([ID], [Name], [ISVU], [ECTS], [Password], [MadeByID], [SpecializationID]) VALUES (22, N'Engleski u elektrotehnici 1', N'24565/155632', 2, N'testing', NULL, 3)
INSERT [dbo].[Course] ([ID], [Name], [ISVU], [ECTS], [Password], [MadeByID], [SpecializationID]) VALUES (23, N'Engleski u elektrotehnici 2', N'24566/155633', 2, N'testing', NULL, 3)
INSERT [dbo].[Course] ([ID], [Name], [ISVU], [ECTS], [Password], [MadeByID], [SpecializationID]) VALUES (24, N'Engleski u elektrotehnici 3', N'24567/155634', 2, N'testing', NULL, 3)
INSERT [dbo].[Course] ([ID], [Name], [ISVU], [ECTS], [Password], [MadeByID], [SpecializationID]) VALUES (25, N'Fizika', N'25060/184793', 6, N'testing', NULL, 3)
INSERT [dbo].[Course] ([ID], [Name], [ISVU], [ECTS], [Password], [MadeByID], [SpecializationID]) VALUES (26, N'Informacije i kodiranje', N'24332/128258', 5, N'testing', NULL, 3)
INSERT [dbo].[Course] ([ID], [Name], [ISVU], [ECTS], [Password], [MadeByID], [SpecializationID]) VALUES (27, N'Instalacije i rasvjeta E', N'24077/22296', 4, N'testing', NULL, 3)
INSERT [dbo].[Course] ([ID], [Name], [ISVU], [ECTS], [Password], [MadeByID], [SpecializationID]) VALUES (28, N'Izvodenje elektrotehnickih postrojenja E', N'24073/22284', 6, N'testing', NULL, 3)
INSERT [dbo].[Course] ([ID], [Name], [ISVU], [ECTS], [Password], [MadeByID], [SpecializationID]) VALUES (29, N'Kineziološka kultura I', N'24462/143308', 1, N'testing', NULL, 3)
INSERT [dbo].[Course] ([ID], [Name], [ISVU], [ECTS], [Password], [MadeByID], [SpecializationID]) VALUES (30, N'Kineziološka kultura II', N'24463/143309', 1, N'testing', NULL, 3)
INSERT [dbo].[Course] ([ID], [Name], [ISVU], [ECTS], [Password], [MadeByID], [SpecializationID]) VALUES (31, N'Kineziološka kultura III', N'24464/143310', 1, N'testing', NULL, 3)
INSERT [dbo].[Course] ([ID], [Name], [ISVU], [ECTS], [Password], [MadeByID], [SpecializationID]) VALUES (32, N'Kineziološka kultura IV', N'24465/143311', 1, N'testing', NULL, 3)
INSERT [dbo].[Course] ([ID], [Name], [ISVU], [ECTS], [Password], [MadeByID], [SpecializationID]) VALUES (33, N'LabView graficko programiranje', N'24633/155990', 4, N'testing', NULL, 3)
INSERT [dbo].[Course] ([ID], [Name], [ISVU], [ECTS], [Password], [MadeByID], [SpecializationID]) VALUES (34, N'Linearne i nelinearne mreže', N'24079/22301', 4, N'testing', NULL, 3)
INSERT [dbo].[Course] ([ID], [Name], [ISVU], [ECTS], [Password], [MadeByID], [SpecializationID]) VALUES (35, N'Matematicki alati u elektrotehnici', N'24634/155991', 2, N'testing', NULL, 3)
INSERT [dbo].[Course] ([ID], [Name], [ISVU], [ECTS], [Password], [MadeByID], [SpecializationID]) VALUES (36, N'Matematika I', N'24635/155992', 7, N'testing', NULL, 3)
INSERT [dbo].[Course] ([ID], [Name], [ISVU], [ECTS], [Password], [MadeByID], [SpecializationID]) VALUES (37, N'Matematika II', N'25056/184786', 8, N'testing', NULL, 3)
INSERT [dbo].[Course] ([ID], [Name], [ISVU], [ECTS], [Password], [MadeByID], [SpecializationID]) VALUES (38, N'Materijali u elektrotehnici', N'25207/85611', 4, N'testing', NULL, 3)
INSERT [dbo].[Course] ([ID], [Name], [ISVU], [ECTS], [Password], [MadeByID], [SpecializationID]) VALUES (39, N'Mjerenja u elektrotehnici', N'25097/185689', 6, N'testing', NULL, 3)
INSERT [dbo].[Course] ([ID], [Name], [ISVU], [ECTS], [Password], [MadeByID], [SpecializationID]) VALUES (40, N'Mobilne mreže viših generacija', N'24797/169758', 5, N'testing', NULL, 3)
INSERT [dbo].[Course] ([ID], [Name], [ISVU], [ECTS], [Password], [MadeByID], [SpecializationID]) VALUES (41, N'Mobilne radiokomunikacije', N'24796/169757', 5, N'testing', NULL, 3)
INSERT [dbo].[Course] ([ID], [Name], [ISVU], [ECTS], [Password], [MadeByID], [SpecializationID]) VALUES (42, N'Numericka matematika E', N'24072/22282', 5, N'testing', NULL, 3)
INSERT [dbo].[Course] ([ID], [Name], [ISVU], [ECTS], [Password], [MadeByID], [SpecializationID]) VALUES (43, N'Objektno orijentirano programiranje', N'24302/104555', 5, N'testing', NULL, 3)
INSERT [dbo].[Course] ([ID], [Name], [ISVU], [ECTS], [Password], [MadeByID], [SpecializationID]) VALUES (44, N'Obnovljivi izvori energije', N'24301/104554', 6, N'testing', NULL, 3)
INSERT [dbo].[Course] ([ID], [Name], [ISVU], [ECTS], [Password], [MadeByID], [SpecializationID]) VALUES (45, N'Održavanje elektrotehnicke opreme', N'24287/85714', 5, N'testing', NULL, 3)
INSERT [dbo].[Course] ([ID], [Name], [ISVU], [ECTS], [Password], [MadeByID], [SpecializationID]) VALUES (46, N'Opticke komunikacije', N'24637/155996', 5, N'testing', NULL, 3)
INSERT [dbo].[Course] ([ID], [Name], [ISVU], [ECTS], [Password], [MadeByID], [SpecializationID]) VALUES (47, N'Osnove elektroakustike i audiotehnike', N'25241/200537', 5, N'testing', NULL, 3)
INSERT [dbo].[Course] ([ID], [Name], [ISVU], [ECTS], [Password], [MadeByID], [SpecializationID]) VALUES (48, N'Osnove elektrotehnike', N'25062/184795', 9, N'testing', NULL, 3)
INSERT [dbo].[Course] ([ID], [Name], [ISVU], [ECTS], [Password], [MadeByID], [SpecializationID]) VALUES (49, N'Primjena osobnih racunala u elektrotehnici', N'25064/184797', 4, N'testing', NULL, 3)
INSERT [dbo].[Course] ([ID], [Name], [ISVU], [ECTS], [Password], [MadeByID], [SpecializationID]) VALUES (50, N'Procesna mjerenja', N'24070/22270', 5, N'testing', NULL, 3)
INSERT [dbo].[Course] ([ID], [Name], [ISVU], [ECTS], [Password], [MadeByID], [SpecializationID]) VALUES (51, N'Procesna racunala', N'24065/22256', 5, N'testing', NULL, 3)
INSERT [dbo].[Course] ([ID], [Name], [ISVU], [ECTS], [Password], [MadeByID], [SpecializationID]) VALUES (52, N'Programiranje', N'24080/22303', 5, N'testing', NULL, 3)
INSERT [dbo].[Course] ([ID], [Name], [ISVU], [ECTS], [Password], [MadeByID], [SpecializationID]) VALUES (53, N'Programirljivi logicki kontroleri', N'24638/155998', 5, N'testing', NULL, 3)
INSERT [dbo].[Course] ([ID], [Name], [ISVU], [ECTS], [Password], [MadeByID], [SpecializationID]) VALUES (54, N'Projektiranje i primjena ugradbenih racunalnih sustava', N'24242/75867', 5, N'testing', NULL, 3)
INSERT [dbo].[Course] ([ID], [Name], [ISVU], [ECTS], [Password], [MadeByID], [SpecializationID]) VALUES (55, N'Radarski sklopovi E', N'24083/22314', 5, N'testing', NULL, 3)
INSERT [dbo].[Course] ([ID], [Name], [ISVU], [ECTS], [Password], [MadeByID], [SpecializationID]) VALUES (56, N'Radiokomunikacijski uredaji i sustavi E', N'24082/22311', 4, N'testing', NULL, 3)
INSERT [dbo].[Course] ([ID], [Name], [ISVU], [ECTS], [Password], [MadeByID], [SpecializationID]) VALUES (57, N'Signali i procesi', N'24285/85647', 6, N'testing', NULL, 3)
INSERT [dbo].[Course] ([ID], [Name], [ISVU], [ECTS], [Password], [MadeByID], [SpecializationID]) VALUES (58, N'Sklopni aparati', N'24075/22288', 4, N'testing', NULL, 3)
INSERT [dbo].[Course] ([ID], [Name], [ISVU], [ECTS], [Password], [MadeByID], [SpecializationID]) VALUES (59, N'Socijalna filozofija', N'24067/22265', 2, N'testing', NULL, 3)
INSERT [dbo].[Course] ([ID], [Name], [ISVU], [ECTS], [Password], [MadeByID], [SpecializationID]) VALUES (60, N'Strucna praksa', N'24266/83431', 6, N'testing', NULL, 3)
INSERT [dbo].[Course] ([ID], [Name], [ISVU], [ECTS], [Password], [MadeByID], [SpecializationID]) VALUES (61, N'Sustavi automatizacije', N'24639/156000', 6, N'testing', NULL, 3)
INSERT [dbo].[Course] ([ID], [Name], [ISVU], [ECTS], [Password], [MadeByID], [SpecializationID]) VALUES (62, N'Tehnicka mehanika', N'24068/22266', 4, N'testing', NULL, 3)
INSERT [dbo].[Course] ([ID], [Name], [ISVU], [ECTS], [Password], [MadeByID], [SpecializationID]) VALUES (63, N'Tehnicko dokumentiranje', N'25209/184784', 4, N'testing', NULL, 3)
INSERT [dbo].[Course] ([ID], [Name], [ISVU], [ECTS], [Password], [MadeByID], [SpecializationID]) VALUES (64, N'Tehnološko poduzetništvo', N'24330/128246', 2, N'testing', NULL, 3)
INSERT [dbo].[Course] ([ID], [Name], [ISVU], [ECTS], [Password], [MadeByID], [SpecializationID]) VALUES (65, N'Telekomunikacijske mreže E', N'24081/22309', 5, N'testing', NULL, 3)
INSERT [dbo].[Course] ([ID], [Name], [ISVU], [ECTS], [Password], [MadeByID], [SpecializationID]) VALUES (66, N'Transformatori', N'25133/189951', 5, N'testing', NULL, 3)
INSERT [dbo].[Course] ([ID], [Name], [ISVU], [ECTS], [Password], [MadeByID], [SpecializationID]) VALUES (67, N'Transformatori i el. rotacijski strojevi', N'24640/156005', 5, N'testing', NULL, 3)
INSERT [dbo].[Course] ([ID], [Name], [ISVU], [ECTS], [Password], [MadeByID], [SpecializationID]) VALUES (68, N'Uredaji i sustavi upravljanja E', N'24084/22315', 5, N'testing', NULL, 3)
INSERT [dbo].[Course] ([ID], [Name], [ISVU], [ECTS], [Password], [MadeByID], [SpecializationID]) VALUES (69, N'Uvod u mrežne tehnologije', N'24641/156006', 5, N'testing', NULL, 3)
INSERT [dbo].[Course] ([ID], [Name], [ISVU], [ECTS], [Password], [MadeByID], [SpecializationID]) VALUES (70, N'Virtualna instrumentacija', N'24787/160839', 5, N'testing', NULL, 3)
INSERT [dbo].[Course] ([ID], [Name], [ISVU], [ECTS], [Password], [MadeByID], [SpecializationID]) VALUES (71, N'Visokofrekvencijska i mikrovalna elektronika', N'24286/85705', 5, N'testing', NULL, 3)
INSERT [dbo].[Course] ([ID], [Name], [ISVU], [ECTS], [Password], [MadeByID], [SpecializationID]) VALUES (72, N'Vjerojatnost i statistika', N'24284/85624', 3, N'testing', NULL, 3)
INSERT [dbo].[Course] ([ID], [Name], [ISVU], [ECTS], [Password], [MadeByID], [SpecializationID]) VALUES (73, N'Vodovi i antene', N'24642/156008', 5, N'testing', NULL, 3)
INSERT [dbo].[Course] ([ID], [Name], [ISVU], [ECTS], [Password], [MadeByID], [SpecializationID]) VALUES (74, N'Zaštita i mjerenja u el. postrojenjima', N'24184/32767', 5, N'testing', NULL, 3)
INSERT [dbo].[Course] ([ID], [Name], [ISVU], [ECTS], [Password], [MadeByID], [SpecializationID]) VALUES (75, N'Završni rad', N'24643/156009', 8, N'testing', NULL, 3)
INSERT [dbo].[Course] ([ID], [Name], [ISVU], [ECTS], [Password], [MadeByID], [SpecializationID]) VALUES (76, N'Betonske konstrukcije I', N'24600/155926', 5, N'testing', NULL, 5)
INSERT [dbo].[Course] ([ID], [Name], [ISVU], [ECTS], [Password], [MadeByID], [SpecializationID]) VALUES (77, N'Betonske konstrukcije II', N'24601/155927', 5, N'testing', NULL, 5)
INSERT [dbo].[Course] ([ID], [Name], [ISVU], [ECTS], [Password], [MadeByID], [SpecializationID]) VALUES (78, N'Ceste I', N'25029/184720', 5, N'testing', NULL, 5)
INSERT [dbo].[Course] ([ID], [Name], [ISVU], [ECTS], [Password], [MadeByID], [SpecializationID]) VALUES (79, N'Ceste II', N'24602/155929', 5, N'testing', NULL, 5)
INSERT [dbo].[Course] ([ID], [Name], [ISVU], [ECTS], [Password], [MadeByID], [SpecializationID]) VALUES (80, N'Drvene konstrukcije', N'25022/184649', 5, N'testing', NULL, 5)
INSERT [dbo].[Course] ([ID], [Name], [ISVU], [ECTS], [Password], [MadeByID], [SpecializationID]) VALUES (81, N'Elementi zgrada I', N'24603/155931', 7, N'testing', NULL, 5)
INSERT [dbo].[Course] ([ID], [Name], [ISVU], [ECTS], [Password], [MadeByID], [SpecializationID]) VALUES (82, N'Elementi zgrada II', N'24604/155932', 5, N'testing', NULL, 5)
INSERT [dbo].[Course] ([ID], [Name], [ISVU], [ECTS], [Password], [MadeByID], [SpecializationID]) VALUES (83, N'Engleski jezik u graditeljstvu I', N'24531/147431', 4, N'testing', NULL, 5)
INSERT [dbo].[Course] ([ID], [Name], [ISVU], [ECTS], [Password], [MadeByID], [SpecializationID]) VALUES (84, N'Engleski jezik u graditeljstvu II', N'24532/147432', 2, N'testing', NULL, 5)
INSERT [dbo].[Course] ([ID], [Name], [ISVU], [ECTS], [Password], [MadeByID], [SpecializationID]) VALUES (85, N'Fizika', N'24089/22336', 5, N'testing', NULL, 5)
INSERT [dbo].[Course] ([ID], [Name], [ISVU], [ECTS], [Password], [MadeByID], [SpecializationID]) VALUES (86, N'Geodezija', N'24605/155933', 2, N'testing', NULL, 5)
INSERT [dbo].[Course] ([ID], [Name], [ISVU], [ECTS], [Password], [MadeByID], [SpecializationID]) VALUES (87, N'Geotehnika', N'24606/155934', 5, N'testing', NULL, 5)
INSERT [dbo].[Course] ([ID], [Name], [ISVU], [ECTS], [Password], [MadeByID], [SpecializationID]) VALUES (88, N'Gospodarenje otpadom', N'24607/155935', 4, N'testing', NULL, 5)
INSERT [dbo].[Course] ([ID], [Name], [ISVU], [ECTS], [Password], [MadeByID], [SpecializationID]) VALUES (89, N'Gradevinski materijali', N'25016/184642', 5, N'testing', NULL, 5)
INSERT [dbo].[Course] ([ID], [Name], [ISVU], [ECTS], [Password], [MadeByID], [SpecializationID]) VALUES (90, N'Gradevinski strojevi', N'24090/22358', 4, N'testing', NULL, 5)
INSERT [dbo].[Course] ([ID], [Name], [ISVU], [ECTS], [Password], [MadeByID], [SpecializationID]) VALUES (91, N'Hidrologija i hidraulika', N'24608/155936', 5, N'testing', NULL, 5)
INSERT [dbo].[Course] ([ID], [Name], [ISVU], [ECTS], [Password], [MadeByID], [SpecializationID]) VALUES (92, N'Instalacije zgrada I', N'25043/184755', 4, N'testing', NULL, 5)
INSERT [dbo].[Course] ([ID], [Name], [ISVU], [ECTS], [Password], [MadeByID], [SpecializationID]) VALUES (93, N'Instalacije zgrada II', N'25047/184759', 4, N'testing', NULL, 5)
INSERT [dbo].[Course] ([ID], [Name], [ISVU], [ECTS], [Password], [MadeByID], [SpecializationID]) VALUES (94, N'Kakvoca voda', N'24535/147436', 4, N'testing', NULL, 5)
INSERT [dbo].[Course] ([ID], [Name], [ISVU], [ECTS], [Password], [MadeByID], [SpecializationID]) VALUES (95, N'Kineziološka kultura I', N'24466/143316', 1, N'testing', NULL, 5)
INSERT [dbo].[Course] ([ID], [Name], [ISVU], [ECTS], [Password], [MadeByID], [SpecializationID]) VALUES (96, N'Kineziološka kultura II', N'24467/143317', 1, N'testing', NULL, 5)
INSERT [dbo].[Course] ([ID], [Name], [ISVU], [ECTS], [Password], [MadeByID], [SpecializationID]) VALUES (97, N'Kineziološka kultura III', N'24468/143318', 1, N'testing', NULL, 5)
INSERT [dbo].[Course] ([ID], [Name], [ISVU], [ECTS], [Password], [MadeByID], [SpecializationID]) VALUES (98, N'Kineziološka kultura IV', N'24469/143319', 1, N'testing', NULL, 5)
INSERT [dbo].[Course] ([ID], [Name], [ISVU], [ECTS], [Password], [MadeByID], [SpecializationID]) VALUES (99, N'Korištenje voda', N'25032/184725', 5, N'testing', NULL, 5)
GO
INSERT [dbo].[Course] ([ID], [Name], [ISVU], [ECTS], [Password], [MadeByID], [SpecializationID]) VALUES (100, N'Matematika I', N'24086/22319', 7, N'testing', NULL, 5)
INSERT [dbo].[Course] ([ID], [Name], [ISVU], [ECTS], [Password], [MadeByID], [SpecializationID]) VALUES (101, N'Matematika II', N'24529/147426', 6, N'testing', NULL, 5)
INSERT [dbo].[Course] ([ID], [Name], [ISVU], [ECTS], [Password], [MadeByID], [SpecializationID]) VALUES (102, N'Mehanika tla', N'25027/184718', 5, N'testing', NULL, 5)
INSERT [dbo].[Course] ([ID], [Name], [ISVU], [ECTS], [Password], [MadeByID], [SpecializationID]) VALUES (103, N'Metalne konstrukcije', N'25024/184651', 5, N'testing', NULL, 5)
INSERT [dbo].[Course] ([ID], [Name], [ISVU], [ECTS], [Password], [MadeByID], [SpecializationID]) VALUES (104, N'Metode planiranja', N'24609/155943', 6, N'testing', NULL, 5)
INSERT [dbo].[Course] ([ID], [Name], [ISVU], [ECTS], [Password], [MadeByID], [SpecializationID]) VALUES (105, N'Metodologija i menadžment u graditeljstvu', N'25051/184763', 2, N'testing', NULL, 5)
INSERT [dbo].[Course] ([ID], [Name], [ISVU], [ECTS], [Password], [MadeByID], [SpecializationID]) VALUES (106, N'Montažne gradevine', N'25026/184653', 5, N'testing', NULL, 5)
INSERT [dbo].[Course] ([ID], [Name], [ISVU], [ECTS], [Password], [MadeByID], [SpecializationID]) VALUES (107, N'Nacrtna geometrija u graditeljstvu I', N'24610/155949', 3, N'testing', NULL, 5)
INSERT [dbo].[Course] ([ID], [Name], [ISVU], [ECTS], [Password], [MadeByID], [SpecializationID]) VALUES (108, N'Nacrtna geometrija u graditeljstvu II', N'25038/184741', 3, N'testing', NULL, 5)
INSERT [dbo].[Course] ([ID], [Name], [ISVU], [ECTS], [Password], [MadeByID], [SpecializationID]) VALUES (109, N'Njemacki jezik u graditeljstvu I', N'24533/147433', 4, N'testing', NULL, 5)
INSERT [dbo].[Course] ([ID], [Name], [ISVU], [ECTS], [Password], [MadeByID], [SpecializationID]) VALUES (110, N'Njemacki jezik u graditeljstvu II', N'24530/147429', 2, N'testing', NULL, 5)
INSERT [dbo].[Course] ([ID], [Name], [ISVU], [ECTS], [Password], [MadeByID], [SpecializationID]) VALUES (111, N'Opskrba vodom i odvodnja I', N'24611/155955', 4, N'testing', NULL, 5)
INSERT [dbo].[Course] ([ID], [Name], [ISVU], [ECTS], [Password], [MadeByID], [SpecializationID]) VALUES (112, N'Opskrba vodom i odvodnja II', N'24612/155957', 5, N'testing', NULL, 5)
INSERT [dbo].[Course] ([ID], [Name], [ISVU], [ECTS], [Password], [MadeByID], [SpecializationID]) VALUES (113, N'Organizacija gradilišta', N'24613/155960', 6, N'testing', NULL, 5)
INSERT [dbo].[Course] ([ID], [Name], [ISVU], [ECTS], [Password], [MadeByID], [SpecializationID]) VALUES (114, N'Organizacija gradenja I', N'24614/155962', 5, N'testing', NULL, 5)
INSERT [dbo].[Course] ([ID], [Name], [ISVU], [ECTS], [Password], [MadeByID], [SpecializationID]) VALUES (115, N'Organizacija gradenja II', N'24615/155963', 5, N'testing', NULL, 5)
INSERT [dbo].[Course] ([ID], [Name], [ISVU], [ECTS], [Password], [MadeByID], [SpecializationID]) VALUES (116, N'Osnove geologije', N'24088/22335', 2, N'testing', NULL, 5)
INSERT [dbo].[Course] ([ID], [Name], [ISVU], [ECTS], [Password], [MadeByID], [SpecializationID]) VALUES (117, N'Osnove hidrologije i hidraulike', N'24616/155964', 5, N'testing', NULL, 5)
INSERT [dbo].[Course] ([ID], [Name], [ISVU], [ECTS], [Password], [MadeByID], [SpecializationID]) VALUES (118, N'Osnove željeznica', N'24087/22330', 2, N'testing', NULL, 5)
INSERT [dbo].[Course] ([ID], [Name], [ISVU], [ECTS], [Password], [MadeByID], [SpecializationID]) VALUES (119, N'Otpornost materijala', N'24617/155965', 3, N'testing', NULL, 5)
INSERT [dbo].[Course] ([ID], [Name], [ISVU], [ECTS], [Password], [MadeByID], [SpecializationID]) VALUES (120, N'Poslovanje tvrtke', N'24618/155966', 5, N'testing', NULL, 5)
INSERT [dbo].[Course] ([ID], [Name], [ISVU], [ECTS], [Password], [MadeByID], [SpecializationID]) VALUES (121, N'Povijesni razvoj graditeljstva', N'24536/147442', 2, N'testing', NULL, 5)
INSERT [dbo].[Course] ([ID], [Name], [ISVU], [ECTS], [Password], [MadeByID], [SpecializationID]) VALUES (122, N'Promet i okoliš', N'25036/184732', 5, N'testing', NULL, 5)
INSERT [dbo].[Course] ([ID], [Name], [ISVU], [ECTS], [Password], [MadeByID], [SpecializationID]) VALUES (123, N'Proracun konstrukcija', N'25020/184646', 6, N'testing', NULL, 5)
INSERT [dbo].[Course] ([ID], [Name], [ISVU], [ECTS], [Password], [MadeByID], [SpecializationID]) VALUES (124, N'Racunarstvo u graditeljstvu', N'24528/147425', 2, N'testing', NULL, 5)
INSERT [dbo].[Course] ([ID], [Name], [ISVU], [ECTS], [Password], [MadeByID], [SpecializationID]) VALUES (125, N'Regulacije i melioracije', N'24619/155969', 5, N'testing', NULL, 5)
INSERT [dbo].[Course] ([ID], [Name], [ISVU], [ECTS], [Password], [MadeByID], [SpecializationID]) VALUES (126, N'Regulativa i vodenje projekata', N'25053/184765', 5, N'testing', NULL, 5)
INSERT [dbo].[Course] ([ID], [Name], [ISVU], [ECTS], [Password], [MadeByID], [SpecializationID]) VALUES (127, N'Rijecno inženjerstvo', N'24620/155971', 6, N'testing', NULL, 5)
INSERT [dbo].[Course] ([ID], [Name], [ISVU], [ECTS], [Password], [MadeByID], [SpecializationID]) VALUES (128, N'Sociologija rada', N'25040/184743', 2, N'testing', NULL, 5)
INSERT [dbo].[Course] ([ID], [Name], [ISVU], [ECTS], [Password], [MadeByID], [SpecializationID]) VALUES (129, N'Tehnicka mehanika', N'25018/184644', 6, N'testing', NULL, 5)
INSERT [dbo].[Course] ([ID], [Name], [ISVU], [ECTS], [Password], [MadeByID], [SpecializationID]) VALUES (130, N'Tehnologija gradenja', N'24621/155972', 5, N'testing', NULL, 5)
INSERT [dbo].[Course] ([ID], [Name], [ISVU], [ECTS], [Password], [MadeByID], [SpecializationID]) VALUES (131, N'Terenska nastava', N'24091/22359', 2, N'testing', NULL, 5)
INSERT [dbo].[Course] ([ID], [Name], [ISVU], [ECTS], [Password], [MadeByID], [SpecializationID]) VALUES (132, N'Tržište i poslovno okruženje', N'25041/184753', 5, N'testing', NULL, 5)
INSERT [dbo].[Course] ([ID], [Name], [ISVU], [ECTS], [Password], [MadeByID], [SpecializationID]) VALUES (133, N'Uvod u urbanizam i prostorno planiranje', N'24534/147434', 2, N'testing', NULL, 5)
INSERT [dbo].[Course] ([ID], [Name], [ISVU], [ECTS], [Password], [MadeByID], [SpecializationID]) VALUES (134, N'Vodnogospodarske gradevine', N'24622/155974', 4, N'testing', NULL, 5)
INSERT [dbo].[Course] ([ID], [Name], [ISVU], [ECTS], [Password], [MadeByID], [SpecializationID]) VALUES (135, N'Vodogradnje', N'24195/39869', 2, N'testing', NULL, 5)
INSERT [dbo].[Course] ([ID], [Name], [ISVU], [ECTS], [Password], [MadeByID], [SpecializationID]) VALUES (136, N'Zaštita na radu', N'24623/155975', 5, N'testing', NULL, 5)
INSERT [dbo].[Course] ([ID], [Name], [ISVU], [ECTS], [Password], [MadeByID], [SpecializationID]) VALUES (137, N'Zaštita okoliša', N'24624/155976', 2, N'testing', NULL, 5)
INSERT [dbo].[Course] ([ID], [Name], [ISVU], [ECTS], [Password], [MadeByID], [SpecializationID]) VALUES (138, N'Zaštita voda', N'25034/184729', 5, N'testing', NULL, 5)
INSERT [dbo].[Course] ([ID], [Name], [ISVU], [ECTS], [Password], [MadeByID], [SpecializationID]) VALUES (139, N'Završni rad sa strucnom praksom-GP', N'24625/155979', 12, N'testing', NULL, 5)
INSERT [dbo].[Course] ([ID], [Name], [ISVU], [ECTS], [Password], [MadeByID], [SpecializationID]) VALUES (140, N'Završni rad sa strucnom praksom-NIS', N'24626/155980', 12, N'testing', NULL, 5)
INSERT [dbo].[Course] ([ID], [Name], [ISVU], [ECTS], [Password], [MadeByID], [SpecializationID]) VALUES (141, N'Završni rad sa strucnom praksom-OUG', N'24627/155981', 12, N'testing', NULL, 5)
INSERT [dbo].[Course] ([ID], [Name], [ISVU], [ECTS], [Password], [MadeByID], [SpecializationID]) VALUES (142, N'Završni rad sa strucnom praksom-VIS', N'24628/155982', 12, N'testing', NULL, 5)
INSERT [dbo].[Course] ([ID], [Name], [ISVU], [ECTS], [Password], [MadeByID], [SpecializationID]) VALUES (143, N'Završni radovi', N'24629/155983', 5, N'testing', NULL, 5)
INSERT [dbo].[Course] ([ID], [Name], [ISVU], [ECTS], [Password], [MadeByID], [SpecializationID]) VALUES (144, N'Zgradarstvo I', N'25045/184757', 4, N'testing', NULL, 5)
INSERT [dbo].[Course] ([ID], [Name], [ISVU], [ECTS], [Password], [MadeByID], [SpecializationID]) VALUES (145, N'Zgradarstvo II', N'25049/184761', 5, N'testing', NULL, 5)
INSERT [dbo].[Course] ([ID], [Name], [ISVU], [ECTS], [Password], [MadeByID], [SpecializationID]) VALUES (146, N'Željeznice', N'24630/155986', 6, N'testing', NULL, 5)
INSERT [dbo].[Course] ([ID], [Name], [ISVU], [ECTS], [Password], [MadeByID], [SpecializationID]) VALUES (147, N'3D modeliranje', N'25066/185288', 5, N'testing', NULL, 1)
INSERT [dbo].[Course] ([ID], [Name], [ISVU], [ECTS], [Password], [MadeByID], [SpecializationID]) VALUES (148, N'Administriranje i poslovanje mrežama racunala', N'24554/155616', 4, N'testing', NULL, 1)
INSERT [dbo].[Course] ([ID], [Name], [ISVU], [ECTS], [Password], [MadeByID], [SpecializationID]) VALUES (149, N'Administriranje UNIX sustava', N'24555/155617', 5, N'testing', NULL, 1)
INSERT [dbo].[Course] ([ID], [Name], [ISVU], [ECTS], [Password], [MadeByID], [SpecializationID]) VALUES (150, N'Analiza tablicnih podataka', N'25183/200096', 3, N'testing', NULL, 1)
INSERT [dbo].[Course] ([ID], [Name], [ISVU], [ECTS], [Password], [MadeByID], [SpecializationID]) VALUES (151, N'Baze podataka', N'24279/85254', 5, N'testing', NULL, 1)
INSERT [dbo].[Course] ([ID], [Name], [ISVU], [ECTS], [Password], [MadeByID], [SpecializationID]) VALUES (152, N'Digitalna animacija', N'24664/156268', 5, N'testing', NULL, 1)
INSERT [dbo].[Course] ([ID], [Name], [ISVU], [ECTS], [Password], [MadeByID], [SpecializationID]) VALUES (153, N'Digitalna antropologija', N'25008/180914', 5, N'testing', NULL, 1)
INSERT [dbo].[Course] ([ID], [Name], [ISVU], [ECTS], [Password], [MadeByID], [SpecializationID]) VALUES (154, N'Digitalna fotografija', N'24541/152729', 4, N'testing', NULL, 1)
INSERT [dbo].[Course] ([ID], [Name], [ISVU], [ECTS], [Password], [MadeByID], [SpecializationID]) VALUES (155, N'Digitalna televizija', N'24540/148961', 5, N'testing', NULL, 1)
INSERT [dbo].[Course] ([ID], [Name], [ISVU], [ECTS], [Password], [MadeByID], [SpecializationID]) VALUES (156, N'Dizajn i primjena vektorske grafike', N'24420/142127', 5, N'testing', NULL, 1)
INSERT [dbo].[Course] ([ID], [Name], [ISVU], [ECTS], [Password], [MadeByID], [SpecializationID]) VALUES (157, N'Dizajn i vizualno znacenje', N'24419/142125', 6, N'testing', NULL, 1)
INSERT [dbo].[Course] ([ID], [Name], [ISVU], [ECTS], [Password], [MadeByID], [SpecializationID]) VALUES (158, N'Dizajn proizvoda', N'24782/158290', 3, N'testing', NULL, 1)
INSERT [dbo].[Course] ([ID], [Name], [ISVU], [ECTS], [Password], [MadeByID], [SpecializationID]) VALUES (159, N'Dizajn vizualnih komunikacija', N'24214/63173', 6, N'testing', NULL, 1)
INSERT [dbo].[Course] ([ID], [Name], [ISVU], [ECTS], [Password], [MadeByID], [SpecializationID]) VALUES (160, N'Društvene mreže', N'24417/142118', 5, N'testing', NULL, 1)
INSERT [dbo].[Course] ([ID], [Name], [ISVU], [ECTS], [Password], [MadeByID], [SpecializationID]) VALUES (161, N'Elektronicko poslovanje u ekonomiji', N'25201/200114', 6, N'testing', NULL, 1)
INSERT [dbo].[Course] ([ID], [Name], [ISVU], [ECTS], [Password], [MadeByID], [SpecializationID]) VALUES (162, N'Elektronicko poslovanje u informatici', N'25199/200112', 6, N'testing', NULL, 1)
INSERT [dbo].[Course] ([ID], [Name], [ISVU], [ECTS], [Password], [MadeByID], [SpecializationID]) VALUES (163, N'Engleski jezik za IT', N'24274/85213', 3, N'testing', NULL, 1)
INSERT [dbo].[Course] ([ID], [Name], [ISVU], [ECTS], [Password], [MadeByID], [SpecializationID]) VALUES (164, N'Fizika', N'25095/185591', 6, N'testing', NULL, 1)
INSERT [dbo].[Course] ([ID], [Name], [ISVU], [ECTS], [Password], [MadeByID], [SpecializationID]) VALUES (165, N'Grada racunala', N'24415/142116', 5, N'testing', NULL, 1)
INSERT [dbo].[Course] ([ID], [Name], [ISVU], [ECTS], [Password], [MadeByID], [SpecializationID]) VALUES (166, N'Graficke tehnike', N'24177/22755', 4, N'testing', NULL, 1)
INSERT [dbo].[Course] ([ID], [Name], [ISVU], [ECTS], [Password], [MadeByID], [SpecializationID]) VALUES (167, N'Graficki dizajn', N'24213/63168', 6, N'testing', NULL, 1)
INSERT [dbo].[Course] ([ID], [Name], [ISVU], [ECTS], [Password], [MadeByID], [SpecializationID]) VALUES (168, N'Graficki programski jezici', N'24176/22753', 5, N'testing', NULL, 1)
INSERT [dbo].[Course] ([ID], [Name], [ISVU], [ECTS], [Password], [MadeByID], [SpecializationID]) VALUES (169, N'Informacijska pismenost i kriticko razmišljanje', N'24667/156271', 6, N'testing', NULL, 1)
INSERT [dbo].[Course] ([ID], [Name], [ISVU], [ECTS], [Password], [MadeByID], [SpecializationID]) VALUES (170, N'Informaticke tehnologije', N'25179/200092', 3, N'testing', NULL, 1)
INSERT [dbo].[Course] ([ID], [Name], [ISVU], [ECTS], [Password], [MadeByID], [SpecializationID]) VALUES (171, N'Inovacije u informatici', N'24306/111756', 5, N'testing', NULL, 1)
INSERT [dbo].[Course] ([ID], [Name], [ISVU], [ECTS], [Password], [MadeByID], [SpecializationID]) VALUES (172, N'Integracija medija', N'24174/22750', 6, N'testing', NULL, 1)
INSERT [dbo].[Course] ([ID], [Name], [ISVU], [ECTS], [Password], [MadeByID], [SpecializationID]) VALUES (173, N'Interaktivno programiranje na Web-u', N'24103/22428', 4, N'testing', NULL, 1)
INSERT [dbo].[Course] ([ID], [Name], [ISVU], [ECTS], [Password], [MadeByID], [SpecializationID]) VALUES (174, N'Interaktivno programiranje na Web-u', N'24283/85392', 4, N'testing', NULL, 1)
INSERT [dbo].[Course] ([ID], [Name], [ISVU], [ECTS], [Password], [MadeByID], [SpecializationID]) VALUES (175, N'Kineziološka kultura I', N'24458/143284', 1, N'testing', NULL, 1)
INSERT [dbo].[Course] ([ID], [Name], [ISVU], [ECTS], [Password], [MadeByID], [SpecializationID]) VALUES (176, N'Kineziološka kultura II', N'24459/143286', 1, N'testing', NULL, 1)
INSERT [dbo].[Course] ([ID], [Name], [ISVU], [ECTS], [Password], [MadeByID], [SpecializationID]) VALUES (177, N'Kineziološka kultura III', N'24460/143288', 1, N'testing', NULL, 1)
INSERT [dbo].[Course] ([ID], [Name], [ISVU], [ECTS], [Password], [MadeByID], [SpecializationID]) VALUES (178, N'Kineziološka kultura IV', N'24461/143289', 1, N'testing', NULL, 1)
INSERT [dbo].[Course] ([ID], [Name], [ISVU], [ECTS], [Password], [MadeByID], [SpecializationID]) VALUES (179, N'Matematicki alati u informatici', N'25181/200094', 4, N'testing', NULL, 1)
INSERT [dbo].[Course] ([ID], [Name], [ISVU], [ECTS], [Password], [MadeByID], [SpecializationID]) VALUES (180, N'Matematika I', N'24588/155821', 6, N'testing', NULL, 1)
INSERT [dbo].[Course] ([ID], [Name], [ISVU], [ECTS], [Password], [MadeByID], [SpecializationID]) VALUES (181, N'Matematika II', N'24589/155822', 6, N'testing', NULL, 1)
INSERT [dbo].[Course] ([ID], [Name], [ISVU], [ECTS], [Password], [MadeByID], [SpecializationID]) VALUES (182, N'Mobilne komunikacije', N'24099/22418', 3, N'testing', NULL, 1)
INSERT [dbo].[Course] ([ID], [Name], [ISVU], [ECTS], [Password], [MadeByID], [SpecializationID]) VALUES (183, N'Multimedijski marketing', N'24175/22752', 5, N'testing', NULL, 1)
INSERT [dbo].[Course] ([ID], [Name], [ISVU], [ECTS], [Password], [MadeByID], [SpecializationID]) VALUES (184, N'Napredne baze podataka', N'24281/85268', 5, N'testing', NULL, 1)
INSERT [dbo].[Course] ([ID], [Name], [ISVU], [ECTS], [Password], [MadeByID], [SpecializationID]) VALUES (185, N'Napredne tehnologije interneta', N'24556/155619', 3, N'testing', NULL, 1)
INSERT [dbo].[Course] ([ID], [Name], [ISVU], [ECTS], [Password], [MadeByID], [SpecializationID]) VALUES (186, N'Napredno elektronicko poslovanje u ekonomiji', N'25205/200118', 4, N'testing', NULL, 1)
INSERT [dbo].[Course] ([ID], [Name], [ISVU], [ECTS], [Password], [MadeByID], [SpecializationID]) VALUES (187, N'Napredno elektronicko poslovanje u informatici', N'25203/200116', 4, N'testing', NULL, 1)
INSERT [dbo].[Course] ([ID], [Name], [ISVU], [ECTS], [Password], [MadeByID], [SpecializationID]) VALUES (188, N'Objektno orijentirano programiranje I', N'24558/155621', 5, N'testing', NULL, 1)
INSERT [dbo].[Course] ([ID], [Name], [ISVU], [ECTS], [Password], [MadeByID], [SpecializationID]) VALUES (189, N'Objektno orijentirano programiranje II', N'24211/63137', 5, N'testing', NULL, 1)
INSERT [dbo].[Course] ([ID], [Name], [ISVU], [ECTS], [Password], [MadeByID], [SpecializationID]) VALUES (190, N'Oblikovanje e literature', N'24296/91954', 5, N'testing', NULL, 1)
INSERT [dbo].[Course] ([ID], [Name], [ISVU], [ECTS], [Password], [MadeByID], [SpecializationID]) VALUES (191, N'Oblikovanje Web stranica', N'24104/22429', 6, N'testing', NULL, 1)
INSERT [dbo].[Course] ([ID], [Name], [ISVU], [ECTS], [Password], [MadeByID], [SpecializationID]) VALUES (192, N'Obrada slike, zvuka i videa', N'24282/85390', 4, N'testing', NULL, 1)
INSERT [dbo].[Course] ([ID], [Name], [ISVU], [ECTS], [Password], [MadeByID], [SpecializationID]) VALUES (193, N'Obrada teksta', N'24097/22415', 3, N'testing', NULL, 1)
INSERT [dbo].[Course] ([ID], [Name], [ISVU], [ECTS], [Password], [MadeByID], [SpecializationID]) VALUES (194, N'Operacijski sustavi', N'24559/155622', 5, N'testing', NULL, 1)
INSERT [dbo].[Course] ([ID], [Name], [ISVU], [ECTS], [Password], [MadeByID], [SpecializationID]) VALUES (195, N'Organizacija i informatizacija ureda', N'24096/22414', 3, N'testing', NULL, 1)
INSERT [dbo].[Course] ([ID], [Name], [ISVU], [ECTS], [Password], [MadeByID], [SpecializationID]) VALUES (196, N'Osnove kiberneticke sigurnosti', N'25185/200098', 5, N'testing', NULL, 1)
INSERT [dbo].[Course] ([ID], [Name], [ISVU], [ECTS], [Password], [MadeByID], [SpecializationID]) VALUES (197, N'Osnove programiranja', N'25100/185969', 6, N'testing', NULL, 1)
INSERT [dbo].[Course] ([ID], [Name], [ISVU], [ECTS], [Password], [MadeByID], [SpecializationID]) VALUES (198, N'Poslovni engleski jezik za IT', N'24275/85215', 3, N'testing', NULL, 1)
INSERT [dbo].[Course] ([ID], [Name], [ISVU], [ECTS], [Password], [MadeByID], [SpecializationID]) VALUES (199, N'Praktikum iz dizajna', N'24179/22766', 5, N'testing', NULL, 1)
GO
INSERT [dbo].[Course] ([ID], [Name], [ISVU], [ECTS], [Password], [MadeByID], [SpecializationID]) VALUES (200, N'Pretražnici i navigacija na Web-u', N'24102/22427', 3, N'testing', NULL, 1)
INSERT [dbo].[Course] ([ID], [Name], [ISVU], [ECTS], [Password], [MadeByID], [SpecializationID]) VALUES (201, N'Primjena HTML i CSS tehnologija u razvoju mrežnih stranica', N'25195/200108', 4, N'testing', NULL, 1)
INSERT [dbo].[Course] ([ID], [Name], [ISVU], [ECTS], [Password], [MadeByID], [SpecializationID]) VALUES (202, N'Procesi video produkcije', N'24410/133389', 4, N'testing', NULL, 1)
INSERT [dbo].[Course] ([ID], [Name], [ISVU], [ECTS], [Password], [MadeByID], [SpecializationID]) VALUES (203, N'Produkcija digitalnih medija', N'25197/200110', 4, N'testing', NULL, 1)
INSERT [dbo].[Course] ([ID], [Name], [ISVU], [ECTS], [Password], [MadeByID], [SpecializationID]) VALUES (204, N'Produkcija zvuka', N'24665/156269', 4, N'testing', NULL, 1)
INSERT [dbo].[Course] ([ID], [Name], [ISVU], [ECTS], [Password], [MadeByID], [SpecializationID]) VALUES (205, N'Programiranje', N'25102/185971', 7, N'testing', NULL, 1)
INSERT [dbo].[Course] ([ID], [Name], [ISVU], [ECTS], [Password], [MadeByID], [SpecializationID]) VALUES (206, N'Programiranje web aplikacija', N'24244/75875', 5, N'testing', NULL, 1)
INSERT [dbo].[Course] ([ID], [Name], [ISVU], [ECTS], [Password], [MadeByID], [SpecializationID]) VALUES (207, N'Progresivne web aplikacije', N'25191/200104', 5, N'testing', NULL, 1)
INSERT [dbo].[Course] ([ID], [Name], [ISVU], [ECTS], [Password], [MadeByID], [SpecializationID]) VALUES (208, N'Projektno programiranje', N'24560/155627', 3, N'testing', NULL, 1)
INSERT [dbo].[Course] ([ID], [Name], [ISVU], [ECTS], [Password], [MadeByID], [SpecializationID]) VALUES (209, N'Racunalna grafika', N'24178/22759', 5, N'testing', NULL, 1)
INSERT [dbo].[Course] ([ID], [Name], [ISVU], [ECTS], [Password], [MadeByID], [SpecializationID]) VALUES (210, N'Racunalna tipografija', N'24093/22405', 6, N'testing', NULL, 1)
INSERT [dbo].[Course] ([ID], [Name], [ISVU], [ECTS], [Password], [MadeByID], [SpecializationID]) VALUES (211, N'Razvoj racunalnih igara', N'24538/148931', 5, N'testing', NULL, 1)
INSERT [dbo].[Course] ([ID], [Name], [ISVU], [ECTS], [Password], [MadeByID], [SpecializationID]) VALUES (212, N'Sigurnost i zaštita informacijskih sustava', N'25271/22423', 5, N'testing', NULL, 1)
INSERT [dbo].[Course] ([ID], [Name], [ISVU], [ECTS], [Password], [MadeByID], [SpecializationID]) VALUES (213, N'Socio tehnološki aspekti Informacijskih sustava', N'24680/156295', 4, N'testing', NULL, 1)
INSERT [dbo].[Course] ([ID], [Name], [ISVU], [ECTS], [Password], [MadeByID], [SpecializationID]) VALUES (214, N'Strucna praksa', N'24094/22408', 3, N'testing', NULL, 1)
INSERT [dbo].[Course] ([ID], [Name], [ISVU], [ECTS], [Password], [MadeByID], [SpecializationID]) VALUES (215, N'Sustavi elektronickog poslovanja', N'24194/39179', 5, N'testing', NULL, 1)
INSERT [dbo].[Course] ([ID], [Name], [ISVU], [ECTS], [Password], [MadeByID], [SpecializationID]) VALUES (216, N'Tehnološko poduzetništvo', N'24561/155628', 6, N'testing', NULL, 1)
INSERT [dbo].[Course] ([ID], [Name], [ISVU], [ECTS], [Password], [MadeByID], [SpecializationID]) VALUES (217, N'Tehnološko poduzetništvo', N'25014/181288', 6, N'testing', NULL, 1)
INSERT [dbo].[Course] ([ID], [Name], [ISVU], [ECTS], [Password], [MadeByID], [SpecializationID]) VALUES (218, N'Teorija i razvoj dizajna', N'24411/133727', 6, N'testing', NULL, 1)
INSERT [dbo].[Course] ([ID], [Name], [ISVU], [ECTS], [Password], [MadeByID], [SpecializationID]) VALUES (219, N'Tržišne komunikacije', N'24562/155629', 5, N'testing', NULL, 1)
INSERT [dbo].[Course] ([ID], [Name], [ISVU], [ECTS], [Password], [MadeByID], [SpecializationID]) VALUES (220, N'TV i Video snimanje', N'24666/156270', 5, N'testing', NULL, 1)
INSERT [dbo].[Course] ([ID], [Name], [ISVU], [ECTS], [Password], [MadeByID], [SpecializationID]) VALUES (221, N'Upravljanje bojama', N'25189/200102', 5, N'testing', NULL, 1)
INSERT [dbo].[Course] ([ID], [Name], [ISVU], [ECTS], [Password], [MadeByID], [SpecializationID]) VALUES (222, N'Uredsko poslovanje', N'24414/142115', 6, N'testing', NULL, 1)
INSERT [dbo].[Course] ([ID], [Name], [ISVU], [ECTS], [Password], [MadeByID], [SpecializationID]) VALUES (223, N'Uvod u mreže racunala', N'24563/155630', 4, N'testing', NULL, 1)
INSERT [dbo].[Course] ([ID], [Name], [ISVU], [ECTS], [Password], [MadeByID], [SpecializationID]) VALUES (224, N'Uvod u UNIX sustave', N'24564/155631', 5, N'testing', NULL, 1)
INSERT [dbo].[Course] ([ID], [Name], [ISVU], [ECTS], [Password], [MadeByID], [SpecializationID]) VALUES (225, N'Vjerojatnost i statistika', N'24592/155825', 4, N'testing', NULL, 1)
INSERT [dbo].[Course] ([ID], [Name], [ISVU], [ECTS], [Password], [MadeByID], [SpecializationID]) VALUES (226, N'Vještine komuniciranja', N'24243/75874', 4, N'testing', NULL, 1)
INSERT [dbo].[Course] ([ID], [Name], [ISVU], [ECTS], [Password], [MadeByID], [SpecializationID]) VALUES (227, N'XML programiranje', N'24418/142120', 6, N'testing', NULL, 1)
INSERT [dbo].[Course] ([ID], [Name], [ISVU], [ECTS], [Password], [MadeByID], [SpecializationID]) VALUES (228, N'Završni rad', N'24095/22409', 12, N'testing', NULL, 1)
INSERT [dbo].[Course] ([ID], [Name], [ISVU], [ECTS], [Password], [MadeByID], [SpecializationID]) VALUES (229, N'Elektromotorni pogoni', N'24412/134343', 5, N'testing', NULL, 4)
INSERT [dbo].[Course] ([ID], [Name], [ISVU], [ECTS], [Password], [MadeByID], [SpecializationID]) VALUES (230, N'Elektronicki elementi i sklopovi', N'24256/83379', 5, N'testing', NULL, 4)
INSERT [dbo].[Course] ([ID], [Name], [ISVU], [ECTS], [Password], [MadeByID], [SpecializationID]) VALUES (231, N'Elementi automatizacije', N'24258/83382', 5, N'testing', NULL, 4)
INSERT [dbo].[Course] ([ID], [Name], [ISVU], [ECTS], [Password], [MadeByID], [SpecializationID]) VALUES (232, N'Energetska elektrotehnika', N'24255/83378', 6, N'testing', NULL, 4)
INSERT [dbo].[Course] ([ID], [Name], [ISVU], [ECTS], [Password], [MadeByID], [SpecializationID]) VALUES (233, N'Engleski jezik u mehatronici', N'24322/128191', 3, N'testing', NULL, 4)
INSERT [dbo].[Course] ([ID], [Name], [ISVU], [ECTS], [Password], [MadeByID], [SpecializationID]) VALUES (234, N'Fizika', N'24571/155770', 6, N'testing', NULL, 4)
INSERT [dbo].[Course] ([ID], [Name], [ISVU], [ECTS], [Password], [MadeByID], [SpecializationID]) VALUES (235, N'Gospodarenje energijom', N'24773/156947', 4, N'testing', NULL, 4)
INSERT [dbo].[Course] ([ID], [Name], [ISVU], [ECTS], [Password], [MadeByID], [SpecializationID]) VALUES (236, N'Kineziološka kultura I', N'24932/172322', 1, N'testing', NULL, 4)
INSERT [dbo].[Course] ([ID], [Name], [ISVU], [ECTS], [Password], [MadeByID], [SpecializationID]) VALUES (237, N'Kineziološka kultura II', N'24916/171218', 1, N'testing', NULL, 4)
INSERT [dbo].[Course] ([ID], [Name], [ISVU], [ECTS], [Password], [MadeByID], [SpecializationID]) VALUES (238, N'Kineziološka kultura III', N'24917/171219', 1, N'testing', NULL, 4)
INSERT [dbo].[Course] ([ID], [Name], [ISVU], [ECTS], [Password], [MadeByID], [SpecializationID]) VALUES (239, N'Kineziološka kultura IV', N'24918/171220', 1, N'testing', NULL, 4)
INSERT [dbo].[Course] ([ID], [Name], [ISVU], [ECTS], [Password], [MadeByID], [SpecializationID]) VALUES (240, N'Komunikacijske tehnike u mehatronici', N'25091/185487', 4, N'testing', NULL, 4)
INSERT [dbo].[Course] ([ID], [Name], [ISVU], [ECTS], [Password], [MadeByID], [SpecializationID]) VALUES (241, N'Kostruiranje primjenom racunala', N'24321/128190', 5, N'testing', NULL, 4)
INSERT [dbo].[Course] ([ID], [Name], [ISVU], [ECTS], [Password], [MadeByID], [SpecializationID]) VALUES (242, N'Manipulatori i roboti', N'24327/128197', 4, N'testing', NULL, 4)
INSERT [dbo].[Course] ([ID], [Name], [ISVU], [ECTS], [Password], [MadeByID], [SpecializationID]) VALUES (243, N'Matematika', N'24250/83165', 7, N'testing', NULL, 4)
INSERT [dbo].[Course] ([ID], [Name], [ISVU], [ECTS], [Password], [MadeByID], [SpecializationID]) VALUES (244, N'Materijali i proizvodni postupci', N'24251/83167', 5, N'testing', NULL, 4)
INSERT [dbo].[Course] ([ID], [Name], [ISVU], [ECTS], [Password], [MadeByID], [SpecializationID]) VALUES (245, N'Matlab', N'24320/128189', 2, N'testing', NULL, 4)
INSERT [dbo].[Course] ([ID], [Name], [ISVU], [ECTS], [Password], [MadeByID], [SpecializationID]) VALUES (246, N'Mehanika i cvrstoca', N'24572/155771', 6, N'testing', NULL, 4)
INSERT [dbo].[Course] ([ID], [Name], [ISVU], [ECTS], [Password], [MadeByID], [SpecializationID]) VALUES (247, N'Mehatronicki strojni elementi', N'24573/155772', 5, N'testing', NULL, 4)
INSERT [dbo].[Course] ([ID], [Name], [ISVU], [ECTS], [Password], [MadeByID], [SpecializationID]) VALUES (248, N'Metodologija strucnog i istraživackog rada', N'24928/172304', 2, N'testing', NULL, 4)
INSERT [dbo].[Course] ([ID], [Name], [ISVU], [ECTS], [Password], [MadeByID], [SpecializationID]) VALUES (249, N'Mjeriteljstvo i upravljanje kvalitetom', N'24264/83402', 4, N'testing', NULL, 4)
INSERT [dbo].[Course] ([ID], [Name], [ISVU], [ECTS], [Password], [MadeByID], [SpecializationID]) VALUES (250, N'Modeliranje i simuliranje sustava', N'24574/155773', 5, N'testing', NULL, 4)
INSERT [dbo].[Course] ([ID], [Name], [ISVU], [ECTS], [Password], [MadeByID], [SpecializationID]) VALUES (251, N'Njemacki jezik u mehatronici', N'24323/128192', 3, N'testing', NULL, 4)
INSERT [dbo].[Course] ([ID], [Name], [ISVU], [ECTS], [Password], [MadeByID], [SpecializationID]) VALUES (252, N'Numericki upravljivi alatni strojevi', N'24326/128196', 4, N'testing', NULL, 4)
INSERT [dbo].[Course] ([ID], [Name], [ISVU], [ECTS], [Password], [MadeByID], [SpecializationID]) VALUES (253, N'Održavanje tehnickih sustava u mehatronici', N'24263/83399', 4, N'testing', NULL, 4)
INSERT [dbo].[Course] ([ID], [Name], [ISVU], [ECTS], [Password], [MadeByID], [SpecializationID]) VALUES (254, N'Osnove elektrotehnike', N'24253/83372', 6, N'testing', NULL, 4)
INSERT [dbo].[Course] ([ID], [Name], [ISVU], [ECTS], [Password], [MadeByID], [SpecializationID]) VALUES (255, N'Osnove mehanizama', N'24257/83381', 5, N'testing', NULL, 4)
INSERT [dbo].[Course] ([ID], [Name], [ISVU], [ECTS], [Password], [MadeByID], [SpecializationID]) VALUES (256, N'Osnove programiranja', N'24926/172302', 5, N'testing', NULL, 4)
INSERT [dbo].[Course] ([ID], [Name], [ISVU], [ECTS], [Password], [MadeByID], [SpecializationID]) VALUES (257, N'Pneumatika i hidraulika', N'24260/83387', 6, N'testing', NULL, 4)
INSERT [dbo].[Course] ([ID], [Name], [ISVU], [ECTS], [Password], [MadeByID], [SpecializationID]) VALUES (258, N'Poslovni engleski jezik u mehatronici', N'24324/128194', 3, N'testing', NULL, 4)
INSERT [dbo].[Course] ([ID], [Name], [ISVU], [ECTS], [Password], [MadeByID], [SpecializationID]) VALUES (259, N'Poslovni njemacki jezik u mehatronici', N'24325/128195', 3, N'testing', NULL, 4)
INSERT [dbo].[Course] ([ID], [Name], [ISVU], [ECTS], [Password], [MadeByID], [SpecializationID]) VALUES (260, N'Primijenjena matematika', N'24252/83370', 5, N'testing', NULL, 4)
INSERT [dbo].[Course] ([ID], [Name], [ISVU], [ECTS], [Password], [MadeByID], [SpecializationID]) VALUES (261, N'Procesna racunala', N'24259/83386', 6, N'testing', NULL, 4)
INSERT [dbo].[Course] ([ID], [Name], [ISVU], [ECTS], [Password], [MadeByID], [SpecializationID]) VALUES (262, N'Projektiranje tiskanih plocica', N'25068/185365', 4, N'testing', NULL, 4)
INSERT [dbo].[Course] ([ID], [Name], [ISVU], [ECTS], [Password], [MadeByID], [SpecializationID]) VALUES (263, N'Projektiranje ugradenih racunalnih sustava', N'24262/83397', 5, N'testing', NULL, 4)
INSERT [dbo].[Course] ([ID], [Name], [ISVU], [ECTS], [Password], [MadeByID], [SpecializationID]) VALUES (264, N'Semestralni rad', N'24575/155774', 5, N'testing', NULL, 4)
INSERT [dbo].[Course] ([ID], [Name], [ISVU], [ECTS], [Password], [MadeByID], [SpecializationID]) VALUES (265, N'Senzori', N'24254/83374', 5, N'testing', NULL, 4)
INSERT [dbo].[Course] ([ID], [Name], [ISVU], [ECTS], [Password], [MadeByID], [SpecializationID]) VALUES (266, N'Strucna praksa', N'24576/155775', 7, N'testing', NULL, 4)
INSERT [dbo].[Course] ([ID], [Name], [ISVU], [ECTS], [Password], [MadeByID], [SpecializationID]) VALUES (267, N'Tehnicko dokumentiranje', N'24319/128188', 4, N'testing', NULL, 4)
INSERT [dbo].[Course] ([ID], [Name], [ISVU], [ECTS], [Password], [MadeByID], [SpecializationID]) VALUES (268, N'Tehnologije i postrojenja za obradu i recikliranje otpada', N'25155/196103', 6, N'testing', NULL, 4)
INSERT [dbo].[Course] ([ID], [Name], [ISVU], [ECTS], [Password], [MadeByID], [SpecializationID]) VALUES (269, N'Tehnološko poduzetništvo', N'24329/128200', 6, N'testing', NULL, 4)
INSERT [dbo].[Course] ([ID], [Name], [ISVU], [ECTS], [Password], [MadeByID], [SpecializationID]) VALUES (270, N'Transportna sredstva', N'24328/128198', 4, N'testing', NULL, 4)
INSERT [dbo].[Course] ([ID], [Name], [ISVU], [ECTS], [Password], [MadeByID], [SpecializationID]) VALUES (271, N'Upravljanje i regulacija', N'24261/83388', 5, N'testing', NULL, 4)
INSERT [dbo].[Course] ([ID], [Name], [ISVU], [ECTS], [Password], [MadeByID], [SpecializationID]) VALUES (272, N'Završni rad', N'24265/83407', 12, N'testing', NULL, 4)
INSERT [dbo].[Course] ([ID], [Name], [ISVU], [ECTS], [Password], [MadeByID], [SpecializationID]) VALUES (273, N'Administracija racunalnih mreža', N'25188/200101', 5, N'testing', NULL, 2)
INSERT [dbo].[Course] ([ID], [Name], [ISVU], [ECTS], [Password], [MadeByID], [SpecializationID]) VALUES (274, N'Administriranje UNIX sustava', N'24521/147088', 5, N'testing', NULL, 2)
INSERT [dbo].[Course] ([ID], [Name], [ISVU], [ECTS], [Password], [MadeByID], [SpecializationID]) VALUES (275, N'Algoritmi i strukture podataka', N'24546/154952', 7, N'testing', NULL, 2)
INSERT [dbo].[Course] ([ID], [Name], [ISVU], [ECTS], [Password], [MadeByID], [SpecializationID]) VALUES (276, N'Arhitektura racunala', N'24547/154954', 7, N'testing', NULL, 2)
INSERT [dbo].[Course] ([ID], [Name], [ISVU], [ECTS], [Password], [MadeByID], [SpecializationID]) VALUES (277, N'Baze podataka', N'24278/85250', 5, N'testing', NULL, 2)
INSERT [dbo].[Course] ([ID], [Name], [ISVU], [ECTS], [Password], [MadeByID], [SpecializationID]) VALUES (278, N'Engleski jezik za racunarstvo', N'24270/84849', 3, N'testing', NULL, 2)
INSERT [dbo].[Course] ([ID], [Name], [ISVU], [ECTS], [Password], [MadeByID], [SpecializationID]) VALUES (279, N'Fizika', N'24548/154955', 7, N'testing', NULL, 2)
INSERT [dbo].[Course] ([ID], [Name], [ISVU], [ECTS], [Password], [MadeByID], [SpecializationID]) VALUES (280, N'Kineziološka kultura I', N'24422/143073', 1, N'testing', NULL, 2)
INSERT [dbo].[Course] ([ID], [Name], [ISVU], [ECTS], [Password], [MadeByID], [SpecializationID]) VALUES (281, N'Kineziološka kultura II', N'24423/143075', 1, N'testing', NULL, 2)
INSERT [dbo].[Course] ([ID], [Name], [ISVU], [ECTS], [Password], [MadeByID], [SpecializationID]) VALUES (282, N'Kineziološka kultura III', N'24424/143076', 1, N'testing', NULL, 2)
INSERT [dbo].[Course] ([ID], [Name], [ISVU], [ECTS], [Password], [MadeByID], [SpecializationID]) VALUES (283, N'Kineziološka kultura IV', N'24425/143077', 1, N'testing', NULL, 2)
INSERT [dbo].[Course] ([ID], [Name], [ISVU], [ECTS], [Password], [MadeByID], [SpecializationID]) VALUES (284, N'Matematika I', N'24172/22742', 7, N'testing', NULL, 2)
INSERT [dbo].[Course] ([ID], [Name], [ISVU], [ECTS], [Password], [MadeByID], [SpecializationID]) VALUES (285, N'Matematika II', N'24170/22730', 7, N'testing', NULL, 2)
INSERT [dbo].[Course] ([ID], [Name], [ISVU], [ECTS], [Password], [MadeByID], [SpecializationID]) VALUES (286, N'Metodologija poslovnih procesa', N'25173/200086', 4, N'testing', NULL, 2)
INSERT [dbo].[Course] ([ID], [Name], [ISVU], [ECTS], [Password], [MadeByID], [SpecializationID]) VALUES (287, N'Metodologija strucnog i istraživackog rada', N'25169/200082', 6, N'testing', NULL, 2)
INSERT [dbo].[Course] ([ID], [Name], [ISVU], [ECTS], [Password], [MadeByID], [SpecializationID]) VALUES (288, N'Mrežne usluge', N'24168/22720', 5, N'testing', NULL, 2)
INSERT [dbo].[Course] ([ID], [Name], [ISVU], [ECTS], [Password], [MadeByID], [SpecializationID]) VALUES (289, N'Napredne baze podataka', N'24280/85264', 5, N'testing', NULL, 2)
INSERT [dbo].[Course] ([ID], [Name], [ISVU], [ECTS], [Password], [MadeByID], [SpecializationID]) VALUES (290, N'Napredne teme racunalnih mreža', N'25217/152537', 6, N'testing', NULL, 2)
INSERT [dbo].[Course] ([ID], [Name], [ISVU], [ECTS], [Password], [MadeByID], [SpecializationID]) VALUES (291, N'Napredno JavaScript programiranje', N'24644/156035', 5, N'testing', NULL, 2)
INSERT [dbo].[Course] ([ID], [Name], [ISVU], [ECTS], [Password], [MadeByID], [SpecializationID]) VALUES (292, N'Napredno programiranje u jeziku Python', N'24421/142130', 5, N'testing', NULL, 2)
INSERT [dbo].[Course] ([ID], [Name], [ISVU], [ECTS], [Password], [MadeByID], [SpecializationID]) VALUES (293, N'Nekonvencionalni racunalni postupci', N'24169/22722', 6, N'testing', NULL, 2)
INSERT [dbo].[Course] ([ID], [Name], [ISVU], [ECTS], [Password], [MadeByID], [SpecializationID]) VALUES (294, N'Objektno orijentirano programiranje', N'24249/81892', 7, N'testing', NULL, 2)
INSERT [dbo].[Course] ([ID], [Name], [ISVU], [ECTS], [Password], [MadeByID], [SpecializationID]) VALUES (295, N'Oblikovanje e literature', N'25154/195334', 5, N'testing', NULL, 2)
INSERT [dbo].[Course] ([ID], [Name], [ISVU], [ECTS], [Password], [MadeByID], [SpecializationID]) VALUES (296, N'Oblikovanje web stranica', N'24269/83677', 6, N'testing', NULL, 2)
INSERT [dbo].[Course] ([ID], [Name], [ISVU], [ECTS], [Password], [MadeByID], [SpecializationID]) VALUES (297, N'Operacijski sustavi', N'24171/22735', 6, N'testing', NULL, 2)
INSERT [dbo].[Course] ([ID], [Name], [ISVU], [ECTS], [Password], [MadeByID], [SpecializationID]) VALUES (298, N'Osnove elektrotehnike i elektronike', N'24549/154957', 7, N'testing', NULL, 2)
INSERT [dbo].[Course] ([ID], [Name], [ISVU], [ECTS], [Password], [MadeByID], [SpecializationID]) VALUES (299, N'Otvorene platforme za razvoj ugradenih sustava', N'24305/111724', 5, N'testing', NULL, 2)
GO
INSERT [dbo].[Course] ([ID], [Name], [ISVU], [ECTS], [Password], [MadeByID], [SpecializationID]) VALUES (300, N'Poslovni engleski jezik za racunarstvo', N'24272/85204', 3, N'testing', NULL, 2)
INSERT [dbo].[Course] ([ID], [Name], [ISVU], [ECTS], [Password], [MadeByID], [SpecializationID]) VALUES (301, N'Primjena racunala', N'24550/154959', 5, N'testing', NULL, 2)
INSERT [dbo].[Course] ([ID], [Name], [ISVU], [ECTS], [Password], [MadeByID], [SpecializationID]) VALUES (302, N'Programiranje', N'24551/154960', 7, N'testing', NULL, 2)
INSERT [dbo].[Course] ([ID], [Name], [ISVU], [ECTS], [Password], [MadeByID], [SpecializationID]) VALUES (303, N'Programiranje u jeziku Java', N'24552/154961', 5, N'testing', NULL, 2)
INSERT [dbo].[Course] ([ID], [Name], [ISVU], [ECTS], [Password], [MadeByID], [SpecializationID]) VALUES (304, N'Programiranje web aplikacija', N'24240/75220', 5, N'testing', NULL, 2)
INSERT [dbo].[Course] ([ID], [Name], [ISVU], [ECTS], [Password], [MadeByID], [SpecializationID]) VALUES (305, N'Racunala za nadzor i upravljanje tehnickim procesima', N'24167/22698', 5, N'testing', NULL, 2)
INSERT [dbo].[Course] ([ID], [Name], [ISVU], [ECTS], [Password], [MadeByID], [SpecializationID]) VALUES (306, N'Racunalne mreže', N'24553/154963', 6, N'testing', NULL, 2)
INSERT [dbo].[Course] ([ID], [Name], [ISVU], [ECTS], [Password], [MadeByID], [SpecializationID]) VALUES (307, N'Razvoj aplikacija na Android platformi', N'24304/111519', 6, N'testing', NULL, 2)
INSERT [dbo].[Course] ([ID], [Name], [ISVU], [ECTS], [Password], [MadeByID], [SpecializationID]) VALUES (308, N'Razvoj racunalnih igara', N'24539/148934', 5, N'testing', NULL, 2)
INSERT [dbo].[Course] ([ID], [Name], [ISVU], [ECTS], [Password], [MadeByID], [SpecializationID]) VALUES (309, N'Razvoj web aplikacija u ASP.NET MVC tehnologiji', N'24303/111517', 6, N'testing', NULL, 2)
INSERT [dbo].[Course] ([ID], [Name], [ISVU], [ECTS], [Password], [MadeByID], [SpecializationID]) VALUES (310, N'Strucna praksa', N'25177/200090', 3, N'testing', NULL, 2)
INSERT [dbo].[Course] ([ID], [Name], [ISVU], [ECTS], [Password], [MadeByID], [SpecializationID]) VALUES (311, N'Uvod u umjetnu inteligenciju', N'24776/156980', 4, N'testing', NULL, 2)
INSERT [dbo].[Course] ([ID], [Name], [ISVU], [ECTS], [Password], [MadeByID], [SpecializationID]) VALUES (312, N'Uvod u umjetnu inteligenciju', N'25167/200080', 5, N'testing', NULL, 2)
INSERT [dbo].[Course] ([ID], [Name], [ISVU], [ECTS], [Password], [MadeByID], [SpecializationID]) VALUES (313, N'Uvod u UNIX sustave', N'24216/63200', 4, N'testing', NULL, 2)
INSERT [dbo].[Course] ([ID], [Name], [ISVU], [ECTS], [Password], [MadeByID], [SpecializationID]) VALUES (314, N'Uvod u web tehnologije', N'24293/91686', 5, N'testing', NULL, 2)
INSERT [dbo].[Course] ([ID], [Name], [ISVU], [ECTS], [Password], [MadeByID], [SpecializationID]) VALUES (315, N'Vjerojatnost i statistika', N'24593/155826', 6, N'testing', NULL, 2)
INSERT [dbo].[Course] ([ID], [Name], [ISVU], [ECTS], [Password], [MadeByID], [SpecializationID]) VALUES (316, N'Web aplikacije u Javi', N'24241/75223', 6, N'testing', NULL, 2)
INSERT [dbo].[Course] ([ID], [Name], [ISVU], [ECTS], [Password], [MadeByID], [SpecializationID]) VALUES (317, N'Završni rad', N'25175/200088', 12, N'testing', NULL, 2)
INSERT [dbo].[Course] ([ID], [Name], [ISVU], [ECTS], [Password], [MadeByID], [SpecializationID]) VALUES (318, N'Cvrstoca', N'25088/185461', 4, N'testing', NULL, 6)
INSERT [dbo].[Course] ([ID], [Name], [ISVU], [ECTS], [Password], [MadeByID], [SpecializationID]) VALUES (319, N'Dizajn proizvoda', N'25162/200060', 4, N'testing', NULL, 6)
INSERT [dbo].[Course] ([ID], [Name], [ISVU], [ECTS], [Password], [MadeByID], [SpecializationID]) VALUES (320, N'Elementi strojeva', N'25084/185456', 5, N'testing', NULL, 6)
INSERT [dbo].[Course] ([ID], [Name], [ISVU], [ECTS], [Password], [MadeByID], [SpecializationID]) VALUES (321, N'Engleski jezik u strojarstvu', N'25211/200051', 3, N'testing', NULL, 6)
INSERT [dbo].[Course] ([ID], [Name], [ISVU], [ECTS], [Password], [MadeByID], [SpecializationID]) VALUES (322, N'Fizika', N'25077/185448', 6, N'testing', NULL, 6)
INSERT [dbo].[Course] ([ID], [Name], [ISVU], [ECTS], [Password], [MadeByID], [SpecializationID]) VALUES (323, N'Kineziološka kultura I', N'25078/185449', 1, N'testing', NULL, 6)
INSERT [dbo].[Course] ([ID], [Name], [ISVU], [ECTS], [Password], [MadeByID], [SpecializationID]) VALUES (324, N'Kineziološka kultura II', N'25085/185457', 1, N'testing', NULL, 6)
INSERT [dbo].[Course] ([ID], [Name], [ISVU], [ECTS], [Password], [MadeByID], [SpecializationID]) VALUES (325, N'Kineziološka kultura III', N'25157/200046', 1, N'testing', NULL, 6)
INSERT [dbo].[Course] ([ID], [Name], [ISVU], [ECTS], [Password], [MadeByID], [SpecializationID]) VALUES (326, N'Kineziološka kultura IV', N'25163/200061', 1, N'testing', NULL, 6)
INSERT [dbo].[Course] ([ID], [Name], [ISVU], [ECTS], [Password], [MadeByID], [SpecializationID]) VALUES (327, N'Konstruiranje pomocu racunala 1', N'25158/200047', 6, N'testing', NULL, 6)
INSERT [dbo].[Course] ([ID], [Name], [ISVU], [ECTS], [Password], [MadeByID], [SpecializationID]) VALUES (328, N'Manipulatori i roboti', N'25215/200067', 6, N'testing', NULL, 6)
INSERT [dbo].[Course] ([ID], [Name], [ISVU], [ECTS], [Password], [MadeByID], [SpecializationID]) VALUES (329, N'Matematika', N'25079/185450', 7, N'testing', NULL, 6)
INSERT [dbo].[Course] ([ID], [Name], [ISVU], [ECTS], [Password], [MadeByID], [SpecializationID]) VALUES (330, N'Materijali', N'25080/185452', 5, N'testing', NULL, 6)
INSERT [dbo].[Course] ([ID], [Name], [ISVU], [ECTS], [Password], [MadeByID], [SpecializationID]) VALUES (331, N'Matlab', N'25086/185459', 2, N'testing', NULL, 6)
INSERT [dbo].[Course] ([ID], [Name], [ISVU], [ECTS], [Password], [MadeByID], [SpecializationID]) VALUES (332, N'Mehanika', N'25087/185460', 7, N'testing', NULL, 6)
INSERT [dbo].[Course] ([ID], [Name], [ISVU], [ECTS], [Password], [MadeByID], [SpecializationID]) VALUES (333, N'Mehanika fluida', N'25159/200048', 7, N'testing', NULL, 6)
INSERT [dbo].[Course] ([ID], [Name], [ISVU], [ECTS], [Password], [MadeByID], [SpecializationID]) VALUES (334, N'Mehanizmi', N'25160/200049', 6, N'testing', NULL, 6)
INSERT [dbo].[Course] ([ID], [Name], [ISVU], [ECTS], [Password], [MadeByID], [SpecializationID]) VALUES (335, N'Metodologija strucnog i istraživackog rada', N'25082/185454', 2, N'testing', NULL, 6)
INSERT [dbo].[Course] ([ID], [Name], [ISVU], [ECTS], [Password], [MadeByID], [SpecializationID]) VALUES (336, N'Motori i vozila', N'25164/200062', 5, N'testing', NULL, 6)
INSERT [dbo].[Course] ([ID], [Name], [ISVU], [ECTS], [Password], [MadeByID], [SpecializationID]) VALUES (337, N'Njemacki jezik u strojarstvu', N'25212/200052', 3, N'testing', NULL, 6)
INSERT [dbo].[Course] ([ID], [Name], [ISVU], [ECTS], [Password], [MadeByID], [SpecializationID]) VALUES (338, N'Numericki upravljivi alatni strojevi', N'25165/200063', 5, N'testing', NULL, 6)
INSERT [dbo].[Course] ([ID], [Name], [ISVU], [ECTS], [Password], [MadeByID], [SpecializationID]) VALUES (339, N'Osnove elektrotehnike', N'25089/185462', 6, N'testing', NULL, 6)
INSERT [dbo].[Course] ([ID], [Name], [ISVU], [ECTS], [Password], [MadeByID], [SpecializationID]) VALUES (340, N'Pneumatika i hidraulika', N'25166/200064', 6, N'testing', NULL, 6)
INSERT [dbo].[Course] ([ID], [Name], [ISVU], [ECTS], [Password], [MadeByID], [SpecializationID]) VALUES (341, N'Poslovni engleski jezik u strojarstvu', N'25213/200065', 3, N'testing', NULL, 6)
INSERT [dbo].[Course] ([ID], [Name], [ISVU], [ECTS], [Password], [MadeByID], [SpecializationID]) VALUES (342, N'Poslovni njemacki jezik u strojarstvu', N'25214/200066', 3, N'testing', NULL, 6)
INSERT [dbo].[Course] ([ID], [Name], [ISVU], [ECTS], [Password], [MadeByID], [SpecializationID]) VALUES (343, N'Primijenjena matematika', N'25090/185463', 5, N'testing', NULL, 6)
INSERT [dbo].[Course] ([ID], [Name], [ISVU], [ECTS], [Password], [MadeByID], [SpecializationID]) VALUES (344, N'Proizvodni postupci', N'25081/185453', 5, N'testing', NULL, 6)
INSERT [dbo].[Course] ([ID], [Name], [ISVU], [ECTS], [Password], [MadeByID], [SpecializationID]) VALUES (345, N'Tehnicko dokumentiranje', N'25083/185455', 4, N'testing', NULL, 6)
INSERT [dbo].[Course] ([ID], [Name], [ISVU], [ECTS], [Password], [MadeByID], [SpecializationID]) VALUES (346, N'Tehnologije i postrojenja za obradu i recikliranje otpada', N'25216/200068', 6, N'testing', NULL, 6)
INSERT [dbo].[Course] ([ID], [Name], [ISVU], [ECTS], [Password], [MadeByID], [SpecializationID]) VALUES (347, N'Termodinamika', N'25161/200050', 7, N'testing', NULL, 6)
SET IDENTITY_INSERT [dbo].[Course] OFF
SET IDENTITY_INSERT [dbo].[User] ON 

INSERT [dbo].[User] ([ID], [Username], [PasswordHash], [PasswordSalt], [Created], [Name], [Surname], [Email], [ImageFileID]) VALUES (1, N'ivan', 0xB3D7D06AAB829D232F09F4355CE31F9B833611B021BF1A8450BFA5CD4E7E20F96CDBAB7B52D775EB5FA10803DF8AC23EC0C0045B4146E406BBBF1683490C9DD1, 0x915F540640032CA5EC68D360C5A066D154CC70D6078A0B84F2112BF5AAEE47604AB00F1BB6DEDFC8ACD5E9544830002A7FCF8197DC446E6628FD7E2790A67A7029D88E9197E68B2A5A6E57738A7DC9E26D4F4817FE89204DC390E171369447F46FA1D5E54A74256C6D2CA6401D06B496416C55A57DFBC8257C1E5A2AE75E7E36, CAST(N'2020-05-18T19:21:43.5300000' AS DateTime2), N'Ivan', N'Katalenic', N'ikatalenic@tvz.hr', NULL)
INSERT [dbo].[User] ([ID], [Username], [PasswordHash], [PasswordSalt], [Created], [Name], [Surname], [Email], [ImageFileID]) VALUES (2, N'matija', 0x33D3ECF5695CD22E9B584667BF203BB44BF4125A37F19A06713331533409E0A4FD04337896F4677AE146A7860547653A5DD0C08381433C509EB0AA44D62C479F, 0x36D4871FA5654135A2D241D09177A6848E0579A114F8C8B7D99D9A38B93397E39C71B5BA91DB34C4EFBA48D2C7B39D7FF061051C2F7D32A157AE4D44C9D2C1F08EA7F7F4CE6E6FF58234B4B2F2B7B089B3F131CE692860AD0492662053123BB455D978DE31A51C7B4DE57800ACF9A01F7233BA0E941BFE3353CC8018CA5EDB57, CAST(N'2020-05-18T19:21:46.7300000' AS DateTime2), N'Obama', N'Barack', N'mnovosel5@gmail.com', 29)
INSERT [dbo].[User] ([ID], [Username], [PasswordHash], [PasswordSalt], [Created], [Name], [Surname], [Email], [ImageFileID]) VALUES (3, N'ivica', 0xCC3E49FD71BB7FB9FABB02668A2462B13F1403172EFDB11DEB8232E7C9EE7F3C3CCF9DF59FA8A536EE1872DB023D403E0C2FE7BFF82D0DCF41FA5E781BEA7F00, 0x4D60D1C46A237AD0B9E98DA115FD00620BF48E99511943E064111525A2D07A08DE85D1F1932A8B76BC1D082E3FB9BC037AE1CFAA539882641240A39F5BC1868820CEC647DE11D0FC38D69DD05D7E2382F9B5026B1B557CACA7752900C43A60F9BF3E6AFF0A2CDEFE9DD012DBD5656A533C8315A92A046E6014221CE0689D9D43, CAST(N'2020-05-18T19:21:49.8533333' AS DateTime2), N'Jambrek', N'Prosinecki', N'ikocijas@tvz.hr', 3)
INSERT [dbo].[User] ([ID], [Username], [PasswordHash], [PasswordSalt], [Created], [Name], [Surname], [Email], [ImageFileID]) VALUES (4, N'karlo', 0x343A8A4702E368351EF241389E290FE3B7B467DD286CCB87AA8E10C4D4D0C408D42625F3A6A53F2DB432B857A923515374B0FEF528C5716FBF1E58285C74E9D6, 0x56C062F261DB8101C4B5C66E8A4557548A80B695C077A602E9768A6730B7428B377CE83FA9F7C89E83F04BA34B52CAA5A967C0AEC24C488F6887946CA4465E5D567D57DAC20CA968A45E64E54A6776CD84EA8280DAE2321E66EF246FFEBD505CF3E0261B874C513D6F9A1F2C4873D64A15A11B5CDC543F536C2099BF7E400B38, CAST(N'2020-05-19T13:52:44.6600000' AS DateTime2), N'Karlo', N'Ivanovic', N'kivanovic@tvz.hr', NULL)
INSERT [dbo].[User] ([ID], [Username], [PasswordHash], [PasswordSalt], [Created], [Name], [Surname], [Email], [ImageFileID]) VALUES (5, N'branko', 0x032FADF94386FEBB38D2EB47D492B56B5D4E00562F9447C21644F0E8AC88233273BF34A1BC3F8310D9C9E4FE292E594FF4A209E657FE67B88A67526CDEB057AB, 0x55AEB5089354B60D7426E9661F68374E2E1E76118C610CBE7CA86563B5966A5E82FC8A4998330BD6A6ABBD7FDCFBBA47434383ECD8113D8B32876B11E39D36BF8C0B5C3E90FA0E7907646CF7C80F213D3D6A60DFF139BD03C1AAA3C57AD64F4B544A73D661F877E579B3EE97978AD42E2C8944735A90FE560FAA7377D90207A5, CAST(N'2020-05-19T15:33:26.0633333' AS DateTime2), N'Branko', N'Batinic', N'bbatinic@tvz.hr', NULL)
INSERT [dbo].[User] ([ID], [Username], [PasswordHash], [PasswordSalt], [Created], [Name], [Surname], [Email], [ImageFileID]) VALUES (6, N'borna', 0x13FF07AFEC94ADDE8B34EB75D127D9A398D8E76E60203C3AC39CB86B727B9A9CD9D1775FE2AE301D9786023C48017F559295C1F7AEF160D2314DDC369DF52384, 0x7296C656744EC2938AE5B57156C55C27C56DDDE5C3FCEE77C428C014F85F7330B75EE63FC25D73CFD5D6913FBE5E6DBFC59C507E9F6B2896C1D22B9A6FE08296F21C5F9B2BE68F531A4261A4312018C546D0A663B15B9BD92B74DA6D2E2743B12CDE183117626975526A555D2E679F3F0A66E2E81EC5179F8046CCD63B3E86BF, CAST(N'2020-05-19T15:39:45.8800000' AS DateTime2), N'Borna', N'Bilandovic', N'bbilandovic@tvz.hr', NULL)
SET IDENTITY_INSERT [dbo].[User] OFF
SET IDENTITY_INSERT [dbo].[Notification] ON 

INSERT [dbo].[Notification] ([ID], [Title], [SubmittedAt], [ExpiresAt], [Description], [Color], [CourseID], [SubmittedByID]) VALUES (1, N'Danas pišemo kolokvij ili neki kurac!', CAST(N'2020-05-19T00:00:00.0000000' AS DateTime2), CAST(N'2020-07-20T00:00:00.0000000' AS DateTime2), N'Svi morate doci do dvorane A jer inace idete još jednu godinu na ovaj predmet!!', N'#591515', 1, 2)
INSERT [dbo].[Notification] ([ID], [Title], [SubmittedAt], [ExpiresAt], [Description], [Color], [CourseID], [SubmittedByID]) VALUES (2, N'Nova notifikacija', CAST(N'2020-05-24T21:35:47.6230752' AS DateTime2), CAST(N'2020-07-20T00:00:00.0000000' AS DateTime2), N'<div style="text-align: center;">Neki tekst!</div>', N'#d466b3', 1, 2)
INSERT [dbo].[Notification] ([ID], [Title], [SubmittedAt], [ExpiresAt], [Description], [Color], [CourseID], [SubmittedByID]) VALUES (3, N'Nova obavijest!!!', CAST(N'2020-05-24T22:13:28.5012781' AS DateTime2), CAST(N'2020-07-30T00:00:00.0000000' AS DateTime2), N'<div style="text-align: center;">TEKSTTEKSTTEKSTTEKSTTEKSTTEKSTTEKST</div><div style="text-align: center;">TEKST<br></div><div style="text-align: center;">TEKST<br></div><div style="text-align: center;">TEKST<br></div><div style="text-align: center;">TEKST<br></div>', N'#406130', 1, 2)
SET IDENTITY_INSERT [dbo].[Notification] OFF
SET IDENTITY_INSERT [dbo].[NotificationFile] ON 

INSERT [dbo].[NotificationFile] ([ID], [NotificationID], [FileID]) VALUES (1, 1, 5)
SET IDENTITY_INSERT [dbo].[NotificationFile] OFF
SET IDENTITY_INSERT [dbo].[CourseTask] ON 

INSERT [dbo].[CourseTask] ([ID], [GradeMaximum], [CreatedByID], [DueDate], [Description], [Title], [CourseID], [SubmittedAt]) VALUES (2, 100, 2, CAST(N'2020-05-31T12:00:00.0000000' AS DateTime2), N'<div style="text-align: center;">Na mjerenim rezultatima iz prošle vježbe napraviti graf kao i u privitku.</div>', N'Curve fitting polinoma petog stupnja u Pythonu', 1, CAST(N'2020-05-23T08:21:13.1407670' AS DateTime2))
INSERT [dbo].[CourseTask] ([ID], [GradeMaximum], [CreatedByID], [DueDate], [Description], [Title], [CourseID], [SubmittedAt]) VALUES (3, 100, 2, CAST(N'2020-05-24T20:16:00.0000000' AS DateTime2), N'Task description', N'Task title 1', 1, CAST(N'2020-05-23T20:16:38.8392193' AS DateTime2))
INSERT [dbo].[CourseTask] ([ID], [GradeMaximum], [CreatedByID], [DueDate], [Description], [Title], [CourseID], [SubmittedAt]) VALUES (4, 100, 2, CAST(N'2020-05-24T20:16:00.0000000' AS DateTime2), N'Task description', N'Task title 2', 1, CAST(N'2020-05-23T20:16:42.6331891' AS DateTime2))
SET IDENTITY_INSERT [dbo].[CourseTask] OFF
SET IDENTITY_INSERT [dbo].[CourseTaskAttachment] ON 

INSERT [dbo].[CourseTaskAttachment] ([ID], [FileID], [CourseTaskID]) VALUES (2, 18, 2)
INSERT [dbo].[CourseTaskAttachment] ([ID], [FileID], [CourseTaskID]) VALUES (3, 17, 2)
SET IDENTITY_INSERT [dbo].[CourseTaskAttachment] OFF
SET IDENTITY_INSERT [dbo].[CourseTaskAttempt] ON 

INSERT [dbo].[CourseTaskAttempt] ([ID], [Description], [Grade], [UserID], [SubmittedAt], [CourseTaskID], [GradeeComment], [GradedById]) VALUES (7, N'U privitku se nalazi rješenje vježbe.', 50, 6, CAST(N'2020-05-23T08:33:36.7261300' AS DateTime2), 2, N'Krivulja je cetvrtog polinoma, ne petog.', 2)
INSERT [dbo].[CourseTaskAttempt] ([ID], [Description], [Grade], [UserID], [SubmittedAt], [CourseTaskID], [GradeeComment], [GradedById]) VALUES (8, N'<div style="text-align: center;">Nezzzz</div>', 0, 3, CAST(N'2020-05-23T08:38:00.6553838' AS DateTime2), 2, N'Nije predano ništa.<div><br></div><div>0 bodova do daljnjeg.</div>', 2)
INSERT [dbo].[CourseTaskAttempt] ([ID], [Description], [Grade], [UserID], [SubmittedAt], [CourseTaskID], [GradeeComment], [GradedById]) VALUES (9, N'<div style="text-align: center;"><b>DescriptionLinjo2105/10/2020&nbsp;</b></div><div style="text-align: center;"><b>https://euw.op.gg/summoner/userName=bentum
</b></div><div style="text-align: center;">OP.GG Europe West
</div><div style="text-align: center;">bentum - Summoner Stats - League of Legends
</div><div style="text-align: center;">bentum / Gold 3 25LP / 293W 316L Win Ratio 48% / Vel''Koz - 273W 295L Win Ratio 48%, Nautilus - 8W 5L Win Ratio 62%, Teemo - 4W 4L Win Ratio 50%, Warwick - 0W 2L Win Ratio 0%, Gragas - 1W 0L Win Ratio 100%</div>', 100, 4, CAST(N'2020-05-23T08:52:29.3539869' AS DateTime2), 2, N'Dobro je, svaka cast.', 2)
INSERT [dbo].[CourseTaskAttempt] ([ID], [Description], [Grade], [UserID], [SubmittedAt], [CourseTaskID], [GradeeComment], [GradedById]) VALUES (10, N'<div style="text-align: center;"><u>Description</u></div>', 0, 5, CAST(N'2020-05-24T22:15:11.2651588' AS DateTime2), 2, NULL, NULL)
SET IDENTITY_INSERT [dbo].[CourseTaskAttempt] OFF
SET IDENTITY_INSERT [dbo].[TaskAttemptAttachment] ON 

INSERT [dbo].[TaskAttemptAttachment] ([ID], [FileID], [CourseTaskAttemptID]) VALUES (8, 19, 7)
INSERT [dbo].[TaskAttemptAttachment] ([ID], [FileID], [CourseTaskAttemptID]) VALUES (9, 20, 9)
SET IDENTITY_INSERT [dbo].[TaskAttemptAttachment] OFF
SET IDENTITY_INSERT [dbo].[SidebarContent] ON 

INSERT [dbo].[SidebarContent] ([ID], [Title], [CourseID]) VALUES (353, N'Cabinet #2', 1)
INSERT [dbo].[SidebarContent] ([ID], [Title], [CourseID]) VALUES (354, N'Cabinet #3', 1)
SET IDENTITY_INSERT [dbo].[SidebarContent] OFF
SET IDENTITY_INSERT [dbo].[SidebarContentFile] ON 

INSERT [dbo].[SidebarContentFile] ([ID], [SidebarContentID], [FileID]) VALUES (2, 1, 14)
INSERT [dbo].[SidebarContentFile] ([ID], [SidebarContentID], [FileID]) VALUES (4, 1, 16)
INSERT [dbo].[SidebarContentFile] ([ID], [SidebarContentID], [FileID]) VALUES (10, 353, 28)
INSERT [dbo].[SidebarContentFile] ([ID], [SidebarContentID], [FileID]) VALUES (12, 353, 26)
SET IDENTITY_INSERT [dbo].[SidebarContentFile] OFF
SET IDENTITY_INSERT [dbo].[Privilege] ON 

INSERT [dbo].[Privilege] ([ID], [Name]) VALUES (1, N'CanGrantPrivileges')
INSERT [dbo].[Privilege] ([ID], [Name]) VALUES (2, N'CanViewGlobalUsers')
INSERT [dbo].[Privilege] ([ID], [Name]) VALUES (3, N'CanCreateCourse')
INSERT [dbo].[Privilege] ([ID], [Name]) VALUES (4, N'CanManageCourse')
INSERT [dbo].[Privilege] ([ID], [Name]) VALUES (5, N'CanChangeCourseLandingPage')
INSERT [dbo].[Privilege] ([ID], [Name]) VALUES (6, N'CanManageNotifications')
INSERT [dbo].[Privilege] ([ID], [Name]) VALUES (7, N'CanSendNotifications')
INSERT [dbo].[Privilege] ([ID], [Name]) VALUES (8, N'CanDeleteNotifications')
INSERT [dbo].[Privilege] ([ID], [Name]) VALUES (9, N'CanArchiveNotifications')
INSERT [dbo].[Privilege] ([ID], [Name]) VALUES (10, N'CanKickParticipants')
INSERT [dbo].[Privilege] ([ID], [Name]) VALUES (11, N'CanMuteParticipants')
INSERT [dbo].[Privilege] ([ID], [Name]) VALUES (12, N'CanManageTasks')
INSERT [dbo].[Privilege] ([ID], [Name]) VALUES (13, N'CanCreateTasks')
INSERT [dbo].[Privilege] ([ID], [Name]) VALUES (14, N'CanDeleteTasks')
INSERT [dbo].[Privilege] ([ID], [Name]) VALUES (15, N'CanGradeTasks')
INSERT [dbo].[Privilege] ([ID], [Name]) VALUES (16, N'CanManageExams')
INSERT [dbo].[Privilege] ([ID], [Name]) VALUES (17, N'CanCreateExams')
INSERT [dbo].[Privilege] ([ID], [Name]) VALUES (18, N'CanDeleteExams')
INSERT [dbo].[Privilege] ([ID], [Name]) VALUES (19, N'CanGradeExams')
INSERT [dbo].[Privilege] ([ID], [Name]) VALUES (20, N'CanManageDiscussion')
INSERT [dbo].[Privilege] ([ID], [Name]) VALUES (21, N'CanCreateNewDiscussion')
INSERT [dbo].[Privilege] ([ID], [Name]) VALUES (22, N'CanDeleteDiscussion')
INSERT [dbo].[Privilege] ([ID], [Name]) VALUES (23, N'CanManageCourseFiles')
INSERT [dbo].[Privilege] ([ID], [Name]) VALUES (24, N'CanUploadCourseFiles')
INSERT [dbo].[Privilege] ([ID], [Name]) VALUES (25, N'CanDeleteCourseFiles')
INSERT [dbo].[Privilege] ([ID], [Name]) VALUES (26, N'IsInvolvedWithCourse')
SET IDENTITY_INSERT [dbo].[Privilege] OFF
SET IDENTITY_INSERT [dbo].[UserCoursePrivilege] ON 

INSERT [dbo].[UserCoursePrivilege] ([ID], [UserID], [PrivilegeID], [CourseID]) VALUES (5, 2, 26, 1)
INSERT [dbo].[UserCoursePrivilege] ([ID], [UserID], [PrivilegeID], [CourseID]) VALUES (6, 2, 4, 1)
SET IDENTITY_INSERT [dbo].[UserCoursePrivilege] OFF
SET IDENTITY_INSERT [dbo].[Exam] ON 

INSERT [dbo].[Exam] ([ID], [Name], [DueDate], [TimeNeeded], [Finalized], [CourseID], [CreatedByID]) VALUES (1, NULL, NULL, 0, 0, 1, 2)
SET IDENTITY_INSERT [dbo].[Exam] OFF
SET IDENTITY_INSERT [dbo].[Subscription] ON 

INSERT [dbo].[Subscription] ([ID], [JoinedAt], [UserID], [CourseID]) VALUES (1, CAST(N'2020-05-18T19:23:29.0823262' AS DateTime2), 2, 1)
INSERT [dbo].[Subscription] ([ID], [JoinedAt], [UserID], [CourseID]) VALUES (2, CAST(N'2020-05-18T19:41:23.1979074' AS DateTime2), 3, 1)
INSERT [dbo].[Subscription] ([ID], [JoinedAt], [UserID], [CourseID]) VALUES (3, CAST(N'2020-05-18T20:19:42.6567431' AS DateTime2), 1, 1)
INSERT [dbo].[Subscription] ([ID], [JoinedAt], [UserID], [CourseID]) VALUES (4, CAST(N'2020-05-19T13:53:08.3415632' AS DateTime2), 4, 1)
INSERT [dbo].[Subscription] ([ID], [JoinedAt], [UserID], [CourseID]) VALUES (5, CAST(N'2020-05-19T15:33:51.5273168' AS DateTime2), 5, 1)
INSERT [dbo].[Subscription] ([ID], [JoinedAt], [UserID], [CourseID]) VALUES (6, CAST(N'2020-05-19T15:40:11.9657070' AS DateTime2), 6, 1)
INSERT [dbo].[Subscription] ([ID], [JoinedAt], [UserID], [CourseID]) VALUES (7, CAST(N'2020-05-24T21:35:09.5596562' AS DateTime2), 2, 2)
SET IDENTITY_INSERT [dbo].[Subscription] OFF
SET IDENTITY_INSERT [dbo].[Chat] ON 

INSERT [dbo].[Chat] ([ID], [FirstParticipantID], [SecondParticipantID]) VALUES (1, 2, 3)
INSERT [dbo].[Chat] ([ID], [FirstParticipantID], [SecondParticipantID]) VALUES (2, 3, 1)
INSERT [dbo].[Chat] ([ID], [FirstParticipantID], [SecondParticipantID]) VALUES (3, 2, 5)
SET IDENTITY_INSERT [dbo].[Chat] OFF
SET IDENTITY_INSERT [dbo].[Message] ON 

INSERT [dbo].[Message] ([ID], [Content], [SentAt], [UserID], [ChatID]) VALUES (1, N'Poruka', CAST(N'2020-05-19T10:45:48.5833333' AS DateTime2), 2, 1)
INSERT [dbo].[Message] ([ID], [Content], [SentAt], [UserID], [ChatID]) VALUES (2, N'Poruka 2', CAST(N'2020-05-19T10:45:55.1766667' AS DateTime2), 2, 1)
INSERT [dbo].[Message] ([ID], [Content], [SentAt], [UserID], [ChatID]) VALUES (3, N'Poruka 1', CAST(N'2020-05-19T10:45:57.6000000' AS DateTime2), 2, 1)
INSERT [dbo].[Message] ([ID], [Content], [SentAt], [UserID], [ChatID]) VALUES (4, N'Poruka 5435345', CAST(N'2020-05-19T10:45:59.7666667' AS DateTime2), 2, 1)
INSERT [dbo].[Message] ([ID], [Content], [SentAt], [UserID], [ChatID]) VALUES (5, N'Poruka', CAST(N'2020-05-19T10:57:49.2500000' AS DateTime2), 3, 1)
INSERT [dbo].[Message] ([ID], [Content], [SentAt], [UserID], [ChatID]) VALUES (6, N'AAAAAAAAAAAAAAAAAA', CAST(N'2020-05-19T10:57:51.8233333' AS DateTime2), 3, 1)
INSERT [dbo].[Message] ([ID], [Content], [SentAt], [UserID], [ChatID]) VALUES (7, N'AAAAAAAAAAAAA', CAST(N'2020-05-19T10:57:53.1433333' AS DateTime2), 3, 1)
INSERT [dbo].[Message] ([ID], [Content], [SentAt], [UserID], [ChatID]) VALUES (8, N'SDFSRF', CAST(N'2020-05-19T10:57:53.7766667' AS DateTime2), 3, 1)
INSERT [dbo].[Message] ([ID], [Content], [SentAt], [UserID], [ChatID]) VALUES (9, N'SF', CAST(N'2020-05-19T10:57:54.1166667' AS DateTime2), 3, 1)
INSERT [dbo].[Message] ([ID], [Content], [SentAt], [UserID], [ChatID]) VALUES (10, N'FSF', CAST(N'2020-05-19T10:57:54.4500000' AS DateTime2), 3, 1)
INSERT [dbo].[Message] ([ID], [Content], [SentAt], [UserID], [ChatID]) VALUES (11, N'SF', CAST(N'2020-05-19T10:57:54.6166667' AS DateTime2), 3, 1)
INSERT [dbo].[Message] ([ID], [Content], [SentAt], [UserID], [ChatID]) VALUES (12, N'FS', CAST(N'2020-05-19T10:57:54.9400000' AS DateTime2), 3, 1)
INSERT [dbo].[Message] ([ID], [Content], [SentAt], [UserID], [ChatID]) VALUES (13, N'FS', CAST(N'2020-05-19T10:57:55.2133333' AS DateTime2), 3, 1)
INSERT [dbo].[Message] ([ID], [Content], [SentAt], [UserID], [ChatID]) VALUES (14, N'FSF', CAST(N'2020-05-19T10:57:55.5266667' AS DateTime2), 3, 1)
INSERT [dbo].[Message] ([ID], [Content], [SentAt], [UserID], [ChatID]) VALUES (15, N'SFS', CAST(N'2020-05-19T10:57:55.8233333' AS DateTime2), 3, 1)
INSERT [dbo].[Message] ([ID], [Content], [SentAt], [UserID], [ChatID]) VALUES (16, N'FS', CAST(N'2020-05-19T10:57:56.1166667' AS DateTime2), 3, 1)
INSERT [dbo].[Message] ([ID], [Content], [SentAt], [UserID], [ChatID]) VALUES (17, N'SF', CAST(N'2020-05-19T10:57:56.3766667' AS DateTime2), 3, 1)
INSERT [dbo].[Message] ([ID], [Content], [SentAt], [UserID], [ChatID]) VALUES (18, N'SF', CAST(N'2020-05-19T10:57:56.6833333' AS DateTime2), 3, 1)
INSERT [dbo].[Message] ([ID], [Content], [SentAt], [UserID], [ChatID]) VALUES (19, N'ggg', CAST(N'2020-05-19T10:58:48.1200000' AS DateTime2), 3, 1)
INSERT [dbo].[Message] ([ID], [Content], [SentAt], [UserID], [ChatID]) VALUES (20, N'ff', CAST(N'2020-05-19T10:58:53.1700000' AS DateTime2), 3, 1)
INSERT [dbo].[Message] ([ID], [Content], [SentAt], [UserID], [ChatID]) VALUES (21, N'ffffffffffff', CAST(N'2020-05-19T10:58:55.0900000' AS DateTime2), 3, 1)
INSERT [dbo].[Message] ([ID], [Content], [SentAt], [UserID], [ChatID]) VALUES (22, N'AAAAAAAAAAAAAAAAAAAAAAAAAAAAAAAAAAAAAAAAAAAAAAAAAAAAAAAAAAAAAAAAAAAAAAAAAAAAAAAAAAAAAAAAAAAAAAAAAAAAAAAAAAAAAAAAAAAAAAAAAAAAA', CAST(N'2020-05-19T11:25:35.7333333' AS DateTime2), 3, 1)
INSERT [dbo].[Message] ([ID], [Content], [SentAt], [UserID], [ChatID]) VALUES (23, N'Aha aha', CAST(N'2020-05-23T09:40:33.5600000' AS DateTime2), 2, 1)
INSERT [dbo].[Message] ([ID], [Content], [SentAt], [UserID], [ChatID]) VALUES (24, N'Pozdrav Branko', CAST(N'2020-05-23T09:40:56.9333333' AS DateTime2), 2, 3)
INSERT [dbo].[Message] ([ID], [Content], [SentAt], [UserID], [ChatID]) VALUES (25, N'Mogu li Vas zamoliti nešto', CAST(N'2020-05-23T09:41:01.0366667' AS DateTime2), 2, 3)
INSERT [dbo].[Message] ([ID], [Content], [SentAt], [UserID], [ChatID]) VALUES (26, N'Guys what is wrong with me each day my dick goes hard when someone says gay. I get so hard I can’t help but to jack off. One time I was in the middle@of a call with me and the boys and they was joking about gay sex and I couldn’t help but to start jerking off as their sexy voices mention the word..... “gay sex” I moaned so hard as I slapped my 2 inch dick onto the desk cumming all over my computer filled with nothing but my little pony stickers. I’ve lost all my friends friends since that night.... but it was probably one of the best nights ever. Ever since then, I’ve been cumming without jerking off when I see gay porn and if I ever touch my dick... it feels so good it feels like popping right off... I tried going back to being straight by watching straight porn and my dick got so soft it started going in like I was growing a vagina. If my dad finds out he’s going to beat me and divorce my mom. Every time I walk out and I see any man... even a fat pig, My 2 incher gets so hard it breaks through my underwear and pants and plops right out like a Antique Wooden Cuckoo Wall Clock Bird Time Bell Swing Alarm Watch Wall Home Decor. I just don’t know what to do right about now but to keep jerking off to gay porn until I’m fully satisfied. My knees and down is covered in my cum and I’m still so horny I cant stop please help I’m going to drown in my cum. I’m going to die alone', CAST(N'2020-05-23T20:10:57.5133333' AS DateTime2), 2, 3)
INSERT [dbo].[Message] ([ID], [Content], [SentAt], [UserID], [ChatID]) VALUES (27, N'Happiness is very important and I think Morocco is not a real country. The feeling I have after blowing a load makes me sad, nay, depressed. I no longer want to be horny for that which does not exist.  I just want to be happy.', CAST(N'2020-05-23T20:13:16.0400000' AS DateTime2), 2, 3)
INSERT [dbo].[Message] ([ID], [Content], [SentAt], [UserID], [ChatID]) VALUES (28, N'<vdsvgsdgsdg', CAST(N'2020-05-24T21:36:56.4766667' AS DateTime2), 2, 1)
INSERT [dbo].[Message] ([ID], [Content], [SentAt], [UserID], [ChatID]) VALUES (29, N'gsdgsdg', CAST(N'2020-05-24T21:36:57.4466667' AS DateTime2), 2, 1)
INSERT [dbo].[Message] ([ID], [Content], [SentAt], [UserID], [ChatID]) VALUES (30, N'gsdgsdgsdg', CAST(N'2020-05-24T21:36:59.8166667' AS DateTime2), 2, 1)
INSERT [dbo].[Message] ([ID], [Content], [SentAt], [UserID], [ChatID]) VALUES (31, N'sgsdgdsg', CAST(N'2020-05-24T21:37:00.7366667' AS DateTime2), 2, 1)
INSERT [dbo].[Message] ([ID], [Content], [SentAt], [UserID], [ChatID]) VALUES (32, N'sgsdgsdg', CAST(N'2020-05-24T21:37:01.8066667' AS DateTime2), 2, 1)
INSERT [dbo].[Message] ([ID], [Content], [SentAt], [UserID], [ChatID]) VALUES (33, N'AAAAA', CAST(N'2020-05-24T22:14:37.8200000' AS DateTime2), 2, 1)
INSERT [dbo].[Message] ([ID], [Content], [SentAt], [UserID], [ChatID]) VALUES (34, N'FFSAFASF', CAST(N'2020-05-24T22:14:40.6566667' AS DateTime2), 2, 1)
SET IDENTITY_INSERT [dbo].[Message] OFF
SET IDENTITY_INSERT [dbo].[UserSettings] ON 

INSERT [dbo].[UserSettings] ([ID], [UserID], [DarkMode], [Locale], [Popups]) VALUES (1, 1, 0, N'en', 1)
INSERT [dbo].[UserSettings] ([ID], [UserID], [DarkMode], [Locale], [Popups]) VALUES (2, 2, 1, N'en', 0)
INSERT [dbo].[UserSettings] ([ID], [UserID], [DarkMode], [Locale], [Popups]) VALUES (3, 3, 0, N'en', 1)
INSERT [dbo].[UserSettings] ([ID], [UserID], [DarkMode], [Locale], [Popups]) VALUES (4, 4, 0, N'en', 1)
INSERT [dbo].[UserSettings] ([ID], [UserID], [DarkMode], [Locale], [Popups]) VALUES (5, 5, 1, N'en', 1)
INSERT [dbo].[UserSettings] ([ID], [UserID], [DarkMode], [Locale], [Popups]) VALUES (6, 6, 0, N'en', 1)
SET IDENTITY_INSERT [dbo].[UserSettings] OFF
SET IDENTITY_INSERT [dbo].[NotificationUserSeen] ON 

INSERT [dbo].[NotificationUserSeen] ([ID], [NotificationID], [UserID], [Seen]) VALUES (1, 1, 1, 0)
INSERT [dbo].[NotificationUserSeen] ([ID], [NotificationID], [UserID], [Seen]) VALUES (2, 1, 3, 0)
INSERT [dbo].[NotificationUserSeen] ([ID], [NotificationID], [UserID], [Seen]) VALUES (3, 2, 3, 0)
INSERT [dbo].[NotificationUserSeen] ([ID], [NotificationID], [UserID], [Seen]) VALUES (4, 2, 1, 0)
INSERT [dbo].[NotificationUserSeen] ([ID], [NotificationID], [UserID], [Seen]) VALUES (5, 2, 4, 0)
INSERT [dbo].[NotificationUserSeen] ([ID], [NotificationID], [UserID], [Seen]) VALUES (6, 2, 5, 1)
INSERT [dbo].[NotificationUserSeen] ([ID], [NotificationID], [UserID], [Seen]) VALUES (7, 2, 6, 0)
INSERT [dbo].[NotificationUserSeen] ([ID], [NotificationID], [UserID], [Seen]) VALUES (8, 3, 3, 0)
INSERT [dbo].[NotificationUserSeen] ([ID], [NotificationID], [UserID], [Seen]) VALUES (9, 3, 1, 0)
INSERT [dbo].[NotificationUserSeen] ([ID], [NotificationID], [UserID], [Seen]) VALUES (10, 3, 4, 0)
INSERT [dbo].[NotificationUserSeen] ([ID], [NotificationID], [UserID], [Seen]) VALUES (11, 3, 5, 1)
INSERT [dbo].[NotificationUserSeen] ([ID], [NotificationID], [UserID], [Seen]) VALUES (12, 3, 6, 0)
SET IDENTITY_INSERT [dbo].[NotificationUserSeen] OFF
SET IDENTITY_INSERT [dbo].[QuestionType] ON 

INSERT [dbo].[QuestionType] ([ID], [Name]) VALUES (1, N'Radio')
INSERT [dbo].[QuestionType] ([ID], [Name]) VALUES (2, N'Checkbox')
SET IDENTITY_INSERT [dbo].[QuestionType] OFF